#include "ui.h"
#include "screens.h"
#include "images.h"
#include "actions.h"
#include "vars.h"

// ASSETS DEFINITION
const uint8_t assets[28752] = {
    0x7E, 0x45, 0x45, 0x5A, 0x03, 0x00, 0x06, 0x00, 0x00, 0x00, 0x00, 0x00, 0x24, 0x00, 0x00, 0x00,
    0x24, 0x00, 0x00, 0x00, 0x00, 0x00, 0x00, 0x00, 0x00, 0x00, 0x00, 0x00, 0x00, 0x00, 0x00, 0x00,
    0x00, 0x00, 0x00, 0x00, 0x20, 0x00, 0x00, 0x00, 0x00, 0x00, 0x00, 0x00, 0x00, 0x00, 0x00, 0x00,
    0xE0, 0x01, 0xE0, 0x01, 0x2F, 0x00, 0x00, 0x00, 0x24, 0x00, 0x00, 0x00, 0x02, 0x00, 0x00, 0x00,
    0xD8, 0x00, 0x00, 0x00, 0x10, 0x00, 0x00, 0x00, 0xD4, 0x00, 0x00, 0x00, 0x3B, 0x00, 0x00, 0x00,
    0x80, 0x6A, 0x00, 0x00, 0x0B, 0x00, 0x00, 0x00, 0x04, 0x01, 0x00, 0x00, 0x2C, 0x01, 0x00, 0x00,
    0x34, 0x01, 0x00, 0x00, 0x3C, 0x01, 0x00, 0x00, 0x44, 0x01, 0x00, 0x00, 0x4C, 0x01, 0x00, 0x00,
    0x54, 0x01, 0x00, 0x00, 0x5C, 0x01, 0x00, 0x00, 0x64, 0x01, 0x00, 0x00, 0x6C, 0x01, 0x00, 0x00,
    0x74, 0x01, 0x00, 0x00, 0x7C, 0x01, 0x00, 0x00, 0x84, 0x01, 0x00, 0x00, 0x8C, 0x01, 0x00, 0x00,
    0x94, 0x01, 0x00, 0x00, 0x9C, 0x01, 0x00, 0x00, 0xA4, 0x01, 0x00, 0x00, 0xAC, 0x01, 0x00, 0x00,
    0xB4, 0x01, 0x00, 0x00, 0xBC, 0x01, 0x00, 0x00, 0xC4, 0x01, 0x00, 0x00, 0xCC, 0x01, 0x00, 0x00,
    0xD4, 0x01, 0x00, 0x00, 0xDC, 0x01, 0x00, 0x00, 0xE4, 0x01, 0x00, 0x00, 0xEC, 0x01, 0x00, 0x00,
    0xF4, 0x01, 0x00, 0x00, 0xFC, 0x01, 0x00, 0x00, 0x04, 0x02, 0x00, 0x00, 0x0C, 0x02, 0x00, 0x00,
    0x14, 0x02, 0x00, 0x00, 0x1C, 0x02, 0x00, 0x00, 0x24, 0x02, 0x00, 0x00, 0x2C, 0x02, 0x00, 0x00,
    0x34, 0x02, 0x00, 0x00, 0x3C, 0x02, 0x00, 0x00, 0x44, 0x02, 0x00, 0x00, 0x4C, 0x02, 0x00, 0x00,
    0x54, 0x02, 0x00, 0x00, 0x5C, 0x02, 0x00, 0x00, 0x64, 0x02, 0x00, 0x00, 0x6C, 0x02, 0x00, 0x00,
    0x74, 0x02, 0x00, 0x00, 0x7C, 0x02, 0x00, 0x00, 0x84, 0x02, 0x00, 0x00, 0x8C, 0x02, 0x00, 0x00,
    0x94, 0x02, 0x00, 0x00, 0x9C, 0x02, 0x00, 0x00, 0x00, 0x00, 0xFF, 0xFF, 0xA0, 0x02, 0x00, 0x00,
    0xCC, 0x02, 0x00, 0x00, 0xF8, 0x02, 0x00, 0x00, 0x24, 0x03, 0x00, 0x00, 0x50, 0x03, 0x00, 0x00,
    0x7C, 0x03, 0x00, 0x00, 0xA8, 0x03, 0x00, 0x00, 0xD4, 0x03, 0x00, 0x00, 0x00, 0x04, 0x00, 0x00,
    0x2C, 0x04, 0x00, 0x00, 0x58, 0x04, 0x00, 0x00, 0x84, 0x04, 0x00, 0x00, 0xB0, 0x04, 0x00, 0x00,
    0xDC, 0x04, 0x00, 0x00, 0x08, 0x05, 0x00, 0x00, 0x34, 0x05, 0x00, 0x00, 0x60, 0x05, 0x00, 0x00,
    0x6C, 0x05, 0x00, 0x00, 0x78, 0x05, 0x00, 0x00, 0x84, 0x05, 0x00, 0x00, 0x90, 0x05, 0x00, 0x00,
    0x9C, 0x05, 0x00, 0x00, 0xA8, 0x05, 0x00, 0x00, 0xB4, 0x05, 0x00, 0x00, 0xC0, 0x05, 0x00, 0x00,
    0xCC, 0x05, 0x00, 0x00, 0xD8, 0x05, 0x00, 0x00, 0xE4, 0x05, 0x00, 0x00, 0x08, 0x00, 0x00, 0x00,
    0xE4, 0x05, 0x00, 0x00, 0xF0, 0x05, 0x00, 0x00, 0x08, 0x00, 0x00, 0x00, 0xF0, 0x05, 0x00, 0x00,
    0xFC, 0x05, 0x00, 0x00, 0x08, 0x00, 0x00, 0x00, 0x00, 0x06, 0x00, 0x00, 0x0C, 0x06, 0x00, 0x00,
    0x08, 0x00, 0x00, 0x00, 0x10, 0x06, 0x00, 0x00, 0x1C, 0x06, 0x00, 0x00, 0x08, 0x00, 0x00, 0x00,
    0x24, 0x06, 0x00, 0x00, 0x30, 0x06, 0x00, 0x00, 0x08, 0x00, 0x00, 0x00, 0x34, 0x06, 0x00, 0x00,
    0x40, 0x06, 0x00, 0x00, 0x08, 0x00, 0x00, 0x00, 0x40, 0x06, 0x00, 0x00, 0x4C, 0x06, 0x00, 0x00,
    0x08, 0x00, 0x00, 0x00, 0x50, 0x06, 0x00, 0x00, 0x5C, 0x06, 0x00, 0x00, 0x08, 0x00, 0x00, 0x00,
    0x5C, 0x06, 0x00, 0x00, 0x68, 0x06, 0x00, 0x00, 0x08, 0x00, 0x00, 0x00, 0x68, 0x06, 0x00, 0x00,
    0x74, 0x06, 0x00, 0x00, 0x08, 0x00, 0x00, 0x00, 0x74, 0x06, 0x00, 0x00, 0x80, 0x06, 0x00, 0x00,
    0x08, 0x00, 0x00, 0x00, 0x80, 0x06, 0x00, 0x00, 0x8C, 0x06, 0x00, 0x00, 0x08, 0x00, 0x00, 0x00,
    0x90, 0x06, 0x00, 0x00, 0x9C, 0x06, 0x00, 0x00, 0x08, 0x00, 0x00, 0x00, 0x9C, 0x06, 0x00, 0x00,
    0xA8, 0x06, 0x00, 0x00, 0x08, 0x00, 0x00, 0x00, 0xA8, 0x06, 0x00, 0x00, 0xB4, 0x06, 0x00, 0x00,
    0x08, 0x00, 0x00, 0x00, 0xB4, 0x06, 0x00, 0x00, 0xC0, 0x06, 0x00, 0x00, 0x08, 0x00, 0x00, 0x00,
    0xC0, 0x06, 0x00, 0x00, 0xCC, 0x06, 0x00, 0x00, 0x08, 0x00, 0x00, 0x00, 0xCC, 0x06, 0x00, 0x00,
    0xD8, 0x06, 0x00, 0x00, 0x08, 0x00, 0x00, 0x00, 0xD4, 0x06, 0x00, 0x00, 0xE0, 0x06, 0x00, 0x00,
    0x08, 0x00, 0x00, 0x00, 0xE0, 0x06, 0x00, 0x00, 0xEC, 0x06, 0x00, 0x00, 0x08, 0x00, 0x00, 0x00,
    0xEC, 0x06, 0x00, 0x00, 0xF8, 0x06, 0x00, 0x00, 0x08, 0x00, 0x00, 0x00, 0xFC, 0x06, 0x00, 0x00,
    0x08, 0x07, 0x00, 0x00, 0x08, 0x00, 0x00, 0x00, 0x0C, 0x07, 0x00, 0x00, 0x18, 0x07, 0x00, 0x00,
    0x08, 0x00, 0x00, 0x00, 0x1C, 0x07, 0x00, 0x00, 0x28, 0x07, 0x00, 0x00, 0x08, 0x00, 0x00, 0x00,
    0x28, 0x07, 0x00, 0x00, 0x34, 0x07, 0x00, 0x00, 0x08, 0x00, 0x00, 0x00, 0x34, 0x07, 0x00, 0x00,
    0x40, 0x07, 0x00, 0x00, 0x08, 0x00, 0x00, 0x00, 0x40, 0x07, 0x00, 0x00, 0x4C, 0x07, 0x00, 0x00,
    0x08, 0x00, 0x00, 0x00, 0x4C, 0x07, 0x00, 0x00, 0x58, 0x07, 0x00, 0x00, 0x08, 0x00, 0x00, 0x00,
    0x5C, 0x07, 0x00, 0x00, 0x68, 0x07, 0x00, 0x00, 0x08, 0x00, 0x00, 0x00, 0x68, 0x07, 0x00, 0x00,
    0x74, 0x07, 0x00, 0x00, 0x08, 0x00, 0x00, 0x00, 0x74, 0x07, 0x00, 0x00, 0x80, 0x07, 0x00, 0x00,
    0x08, 0x00, 0x00, 0x00, 0x80, 0x07, 0x00, 0x00, 0x8C, 0x07, 0x00, 0x00, 0x08, 0x00, 0x00, 0x00,
    0x8C, 0x07, 0x00, 0x00, 0x98, 0x07, 0x00, 0x00, 0x08, 0x00, 0x00, 0x00, 0x98, 0x07, 0x00, 0x00,
    0xA4, 0x07, 0x00, 0x00, 0x08, 0x00, 0x00, 0x00, 0xA4, 0x07, 0x00, 0x00, 0xB0, 0x07, 0x00, 0x00,
    0x08, 0x00, 0x00, 0x00, 0xB8, 0x07, 0x00, 0x00, 0xC4, 0x07, 0x00, 0x00, 0x08, 0x00, 0x00, 0x00,
    0xD0, 0x07, 0x00, 0x00, 0xDC, 0x07, 0x00, 0x00, 0x08, 0x00, 0x00, 0x00, 0xE8, 0x07, 0x00, 0x00,
    0xF4, 0x07, 0x00, 0x00, 0x08, 0x00, 0x00, 0x00, 0x00, 0x08, 0x00, 0x00, 0x0C, 0x08, 0x00, 0x00,
    0x08, 0x00, 0x00, 0x00, 0x18, 0x08, 0x00, 0x00, 0x24, 0x08, 0x00, 0x00, 0x08, 0x00, 0x00, 0x00,
    0x30, 0x08, 0x00, 0x00, 0x3C, 0x08, 0x00, 0x00, 0x08, 0x00, 0x00, 0x00, 0x48, 0x08, 0x00, 0x00,
    0x54, 0x08, 0x00, 0x00, 0x08, 0x00, 0x00, 0x00, 0x5C, 0x08, 0x00, 0x00, 0x68, 0x08, 0x00, 0x00,
    0x08, 0x00, 0x00, 0x00, 0x70, 0x08, 0x00, 0x00, 0x7C, 0x08, 0x00, 0x00, 0x08, 0x00, 0x00, 0x00,
    0x84, 0x08, 0x00, 0x00, 0x90, 0x08, 0x00, 0x00, 0x08, 0x00, 0x00, 0x00, 0x98, 0x08, 0x00, 0x00,
    0xA4, 0x08, 0x00, 0x00, 0x08, 0x00, 0x00, 0x00, 0xB0, 0x08, 0x00, 0x00, 0x0B, 0x00, 0x00, 0x00,
    0xB8, 0x08, 0x00, 0x00, 0x00, 0x00, 0x00, 0x00, 0x00, 0x00, 0x00, 0x00, 0x00, 0x00, 0x00, 0x00,
    0x00, 0x00, 0x00, 0x00, 0x00, 0x00, 0x00, 0x00, 0x00, 0x00, 0x00, 0x00, 0x00, 0x00, 0x00, 0x00,
    0x00, 0x00, 0x00, 0x00, 0x00, 0x00, 0x00, 0x00, 0x00, 0x00, 0x00, 0x00, 0x09, 0x00, 0x00, 0x00,
    0xB4, 0x08, 0x00, 0x00, 0x00, 0x00, 0x00, 0x00, 0x00, 0x00, 0x00, 0x00, 0x00, 0x00, 0x00, 0x00,
    0x00, 0x00, 0x00, 0x00, 0x00, 0x00, 0x00, 0x00, 0x00, 0x00, 0x00, 0x00, 0x00, 0x00, 0x00, 0x00,
    0x00, 0x00, 0x00, 0x00, 0x00, 0x00, 0x00, 0x00, 0x00, 0x00, 0x00, 0x00, 0x25, 0x00, 0x00, 0x00,
    0xA8, 0x08, 0x00, 0x00, 0x00, 0x00, 0x00, 0x00, 0x00, 0x00, 0x00, 0x00, 0x00, 0x00, 0x00, 0x00,
    0x00, 0x00, 0x00, 0x00, 0x00, 0x00, 0x00, 0x00, 0x00, 0x00, 0x00, 0x00, 0x00, 0x00, 0x00, 0x00,
    0x00, 0x00, 0x00, 0x00, 0x00, 0x00, 0x00, 0x00, 0x00, 0x00, 0x00, 0x00, 0x12, 0x00, 0x00, 0x00,
    0x0C, 0x09, 0x00, 0x00, 0x00, 0x00, 0x00, 0x00, 0x00, 0x00, 0x00, 0x00, 0x00, 0x00, 0x00, 0x00,
    0x00, 0x00, 0x00, 0x00, 0x00, 0x00, 0x00, 0x00, 0x00, 0x00, 0x00, 0x00, 0x00, 0x00, 0x00, 0x00,
    0x00, 0x00, 0x00, 0x00, 0x00, 0x00, 0x00, 0x00, 0x00, 0x00, 0x00, 0x00, 0x07, 0x00, 0x00, 0x00,
    0x24, 0x09, 0x00, 0x00, 0x00, 0x00, 0x00, 0x00, 0x00, 0x00, 0x00, 0x00, 0x00, 0x00, 0x00, 0x00,
    0x00, 0x00, 0x00, 0x00, 0x00, 0x00, 0x00, 0x00, 0x00, 0x00, 0x00, 0x00, 0x00, 0x00, 0x00, 0x00,
    0x00, 0x00, 0x00, 0x00, 0x00, 0x00, 0x00, 0x00, 0x00, 0x00, 0x00, 0x00, 0x0F, 0x00, 0x00, 0x00,
    0x10, 0x09, 0x00, 0x00, 0x00, 0x00, 0x00, 0x00, 0x00, 0x00, 0x00, 0x00, 0x00, 0x00, 0x00, 0x00,
    0x00, 0x00, 0x00, 0x00, 0x00, 0x00, 0x00, 0x00, 0x00, 0x00, 0x00, 0x00, 0x00, 0x00, 0x00, 0x00,
    0x00, 0x00, 0x00, 0x00, 0x00, 0x00, 0x00, 0x00, 0x00, 0x00, 0x00, 0x00, 0x0A, 0x00, 0x00, 0x00,
    0x1C, 0x09, 0x00, 0x00, 0x00, 0x00, 0x00, 0x00, 0x00, 0x00, 0x00, 0x00, 0x00, 0x00, 0x00, 0x00,
    0x00, 0x00, 0x00, 0x00, 0x00, 0x00, 0x00, 0x00, 0x00, 0x00, 0x00, 0x00, 0x00, 0x00, 0x00, 0x00,
    0x00, 0x00, 0x00, 0x00, 0x00, 0x00, 0x00, 0x00, 0x00, 0x00, 0x00, 0x00, 0x0A, 0x00, 0x00, 0x00,
    0x14, 0x09, 0x00, 0x00, 0x00, 0x00, 0x00, 0x00, 0x00, 0x00, 0x00, 0x00, 0x00, 0x00, 0x00, 0x00,
    0x00, 0x00, 0x00, 0x00, 0x00, 0x00, 0x00, 0x00, 0x00, 0x00, 0x00, 0x00, 0x00, 0x00, 0x00, 0x00,
    0x00, 0x00, 0x00, 0x00, 0x00, 0x00, 0x00, 0x00, 0x00, 0x00, 0x00, 0x00, 0x14, 0x00, 0x00, 0x00,
    0x0C, 0x09, 0x00, 0x00, 0x00, 0x00, 0x00, 0x00, 0x00, 0x00, 0x00, 0x00, 0x00, 0x00, 0x00, 0x00,
    0x00, 0x00, 0x00, 0x00, 0x00, 0x00, 0x00, 0x00, 0x00, 0x00, 0x00, 0x00, 0x00, 0x00, 0x00, 0x00,
    0x00, 0x00, 0x00, 0x00, 0x00, 0x00, 0x00, 0x00, 0x00, 0x00, 0x00, 0x00, 0x12, 0x00, 0x00, 0x00,
    0x2C, 0x09, 0x00, 0x00, 0x00, 0x00, 0x00, 0x00, 0x00, 0x00, 0x00, 0x00, 0x00, 0x00, 0x00, 0x00,
    0x00, 0x00, 0x00, 0x00, 0x00, 0x00, 0x00, 0x00, 0x00, 0x00, 0x00, 0x00, 0x00, 0x00, 0x00, 0x00,
    0x00, 0x00, 0x00, 0x00, 0x00, 0x00, 0x00, 0x00, 0x00, 0x00, 0x00, 0x00, 0x0E, 0x00, 0x00, 0x00,
    0x44, 0x09, 0x00, 0x00, 0x00, 0x00, 0x00, 0x00, 0x00, 0x00, 0x00, 0x00, 0x00, 0x00, 0x00, 0x00,
    0x00, 0x00, 0x00, 0x00, 0x00, 0x00, 0x00, 0x00, 0x00, 0x00, 0x00, 0x00, 0x00, 0x00, 0x00, 0x00,
    0x00, 0x00, 0x00, 0x00, 0x00, 0x00, 0x00, 0x00, 0x00, 0x00, 0x00, 0x00, 0x41, 0x00, 0x00, 0x00,
    0x4C, 0x09, 0x00, 0x00, 0x00, 0x00, 0x00, 0x00, 0x00, 0x00, 0x00, 0x00, 0x00, 0x00, 0x00, 0x00,
    0x00, 0x00, 0x00, 0x00, 0x00, 0x00, 0x00, 0x00, 0x00, 0x00, 0x00, 0x00, 0x00, 0x00, 0x00, 0x00,
    0x00, 0x00, 0x00, 0x00, 0x00, 0x00, 0x00, 0x00, 0x00, 0x00, 0x00, 0x00, 0x0D, 0x00, 0x00, 0x00,
    0x20, 0x0A, 0x00, 0x00, 0x01, 0x00, 0x00, 0x00, 0x4C, 0x0A, 0x00, 0x00, 0x00, 0x00, 0x00, 0x00,
    0x00, 0x00, 0x00, 0x00, 0x00, 0x00, 0x00, 0x00, 0x00, 0x00, 0x00, 0x00, 0x00, 0x00, 0x00, 0x00,
    0x00, 0x00, 0x00, 0x00, 0x01, 0x00, 0x00, 0x00, 0x30, 0x0A, 0x00, 0x00, 0x05, 0x00, 0x00, 0x00,
    0x2C, 0x0A, 0x00, 0x00, 0x00, 0x00, 0x00, 0x00, 0x00, 0x00, 0x00, 0x00, 0x00, 0x00, 0x00, 0x00,
    0x00, 0x00, 0x00, 0x00, 0x00, 0x00, 0x00, 0x00, 0x00, 0x00, 0x00, 0x00, 0x00, 0x00, 0x00, 0x00,
    0x00, 0x00, 0x00, 0x00, 0x00, 0x00, 0x00, 0x00, 0x00, 0x00, 0x00, 0x00, 0x0B, 0x00, 0x00, 0x00,
    0x10, 0x0A, 0x00, 0x00, 0x00, 0x00, 0x00, 0x00, 0x00, 0x00, 0x00, 0x00, 0x00, 0x00, 0x00, 0x00,
    0x00, 0x00, 0x00, 0x00, 0x00, 0x00, 0x00, 0x00, 0x00, 0x00, 0x00, 0x00, 0x00, 0x00, 0x00, 0x00,
    0x00, 0x00, 0x00, 0x00, 0x00, 0x00, 0x00, 0x00, 0x00, 0x00, 0x00, 0x00, 0x25, 0x00, 0x00, 0x00,
    0x0C, 0x0A, 0x00, 0x00, 0x00, 0x00, 0x00, 0x00, 0x00, 0x00, 0x00, 0x00, 0x00, 0x00, 0x00, 0x00,
    0x00, 0x00, 0x00, 0x00, 0x00, 0x00, 0x00, 0x00, 0x00, 0x00, 0x00, 0x00, 0x00, 0x00, 0x00, 0x00,
    0x00, 0x00, 0x00, 0x00, 0x00, 0x00, 0x00, 0x00, 0x00, 0x00, 0x00, 0x00, 0x0B, 0x00, 0x00, 0x00,
    0x00, 0x00, 0x00, 0x00, 0x00, 0x00, 0x68, 0x41, 0x00, 0x00, 0x00, 0x00, 0x0B, 0x00, 0x00, 0x00,
    0x00, 0x00, 0x00, 0x00, 0x00, 0x00, 0x90, 0x41, 0x00, 0x00, 0x00, 0x00, 0x0E, 0x00, 0x00, 0x00,
    0x00, 0x00, 0x00, 0x00, 0x4C, 0x0A, 0x00, 0x00, 0x00, 0x00, 0x00, 0x00, 0x10, 0x00, 0x00, 0x00,
    0x00, 0x00, 0x00, 0x00, 0x48, 0x0A, 0x00, 0x00, 0x00, 0x00, 0x00, 0x00, 0x10, 0x00, 0x00, 0x00,
    0x00, 0x00, 0x00, 0x00, 0xD0, 0x0B, 0x00, 0x00, 0x00, 0x00, 0x00, 0x00, 0x10, 0x00, 0x00, 0x00,
    0x00, 0x00, 0x00, 0x00, 0x58, 0x0C, 0x00, 0x00, 0x00, 0x00, 0x00, 0x00, 0x10, 0x00, 0x00, 0x00,
    0x00, 0x00, 0x00, 0x00, 0xE0, 0x0C, 0x00, 0x00, 0x00, 0x00, 0x00, 0x00, 0x10, 0x00, 0x00, 0x00,
    0x00, 0x00, 0x00, 0x00, 0x48, 0x0D, 0x00, 0x00, 0x00, 0x00, 0x00, 0x00, 0x10, 0x00, 0x00, 0x00,
    0x00, 0x00, 0x00, 0x00, 0xC0, 0x0D, 0x00, 0x00, 0x00, 0x00, 0x00, 0x00, 0x10, 0x00, 0x00, 0x00,
    0x00, 0x00, 0x00, 0x00, 0xC8, 0x0E, 0x00, 0x00, 0x00, 0x00, 0x00, 0x00, 0x10, 0x00, 0x00, 0x00,
    0x00, 0x00, 0x00, 0x00, 0xF0, 0x0E, 0x00, 0x00, 0x00, 0x00, 0x00, 0x00, 0x44, 0x61, 0x72, 0x6B,
    0x00, 0x00, 0x00, 0x00, 0x82, 0x10, 0xDF, 0xFF, 0xD4, 0x1F, 0x79, 0xCE, 0x55, 0x03, 0x5D, 0xEF,
    0x65, 0xF1, 0x3E, 0x2D, 0x4C, 0x69, 0x67, 0x68, 0x74, 0x00, 0x00, 0x00, 0xDF, 0xFF, 0x82, 0x10,
    0xD4, 0x1F, 0x79, 0xCE, 0x55, 0x03, 0x5D, 0xEF, 0x65, 0xF1, 0x9E, 0x2C, 0x41, 0x6D, 0x6F, 0x6C,
    0x65, 0x64, 0x44, 0x61, 0x72, 0x6B, 0x00, 0x00, 0x00, 0x00, 0xDF, 0xFF, 0xD4, 0x1F, 0x79, 0xCE,
    0x55, 0x03, 0x5D, 0xEF, 0x65, 0xF1, 0x3E, 0x2D, 0x4D, 0x63, 0x49, 0x6E, 0x74, 0x6F, 0x73, 0x68,
    0x00, 0x00, 0x00, 0x00, 0x00, 0x00, 0xE5, 0x07, 0xE0, 0x07, 0xCA, 0x0B, 0x2F, 0x0B, 0xC3, 0x18,
    0x1E, 0xFA, 0x1F, 0x47, 0x45, 0x6C, 0x65, 0x63, 0x74, 0x72, 0x69, 0x63, 0x5F, 0x63, 0x69, 0x72,
    0x63, 0x75, 0x73, 0x00, 0x80, 0xFF, 0xF2, 0x28, 0xE2, 0x3F, 0xE0, 0x41, 0xEF, 0x03, 0xC0, 0x7B,
    0xE0, 0xFA, 0xFB, 0x07, 0x41, 0x72, 0x63, 0x61, 0x64, 0x65, 0x5F, 0x67, 0x6C, 0x6F, 0x77, 0x00,
    0xA2, 0x10, 0x80, 0xFF, 0x7F, 0x79, 0xE0, 0x41, 0xCD, 0x03, 0xC0, 0x7B, 0x40, 0xFB, 0xFA, 0x07,
    0x4E, 0x65, 0x6F, 0x6E, 0x00, 0x00, 0x00, 0x00, 0x41, 0x08, 0xDF, 0xFF, 0x1F, 0xF8, 0xCD, 0x5A,
    0xBF, 0x07, 0xA3, 0x10, 0x6A, 0xF9, 0xE2, 0x3F, 0x53, 0x79, 0x6E, 0x74, 0x68, 0x77, 0x61, 0x76,
    0x65, 0x00, 0x00, 0x00, 0x86, 0x18, 0x5F, 0xFF, 0x7B, 0xFA, 0xF0, 0x6A, 0xFF, 0x6A, 0xC9, 0x20,
    0xEF, 0xFA, 0xDF, 0x06, 0x44, 0x69, 0x73, 0x63, 0x6F, 0x00, 0x00, 0x00, 0x88, 0x28, 0xBD, 0xFF,
    0xEB, 0xFE, 0x12, 0x7B, 0x79, 0xFA, 0x0B, 0x39, 0xEB, 0xFA, 0x9F, 0x47, 0x53, 0x75, 0x6E, 0x73,
    0x65, 0x74, 0x00, 0x00, 0xC5, 0x28, 0x9C, 0xFF, 0xCC, 0xFC, 0x6E, 0x8B, 0xEA, 0xFA, 0x26, 0x41,
    0x65, 0xF9, 0x6C, 0xFE, 0x53, 0x75, 0x6E, 0x72, 0x69, 0x73, 0x65, 0x00, 0xBD, 0xFF, 0x45, 0x31,
    0x88, 0xFD, 0x13, 0xB5, 0xCA, 0xFB, 0x5B, 0xF7, 0x27, 0xD1, 0x3F, 0x4D, 0x43, 0x6F, 0x66, 0x66,
    0x65, 0x65, 0x00, 0x00, 0x03, 0x29, 0x7B, 0xF7, 0x4B, 0xC4, 0xAC, 0x8B, 0x66, 0x6A, 0x64, 0x39,
    0xC5, 0xB1, 0xBB, 0x7D, 0x45, 0x73, 0x70, 0x72, 0x65, 0x73, 0x73, 0x6F, 0x00, 0x00, 0x00, 0x00,
    0x81, 0x18, 0x3A, 0xEF, 0xE7, 0x8A, 0x0B, 0x6B, 0x63, 0x49, 0xE3, 0x28, 0x28, 0xAA, 0x5C, 0x5D,
    0x4D, 0x61, 0x74, 0x63, 0x68, 0x61, 0x00, 0x00, 0xBD, 0xEF, 0x83, 0x21, 0xEB, 0x7D, 0xF1, 0x8C,
    0x46, 0x4C, 0x5B, 0xDF, 0x49, 0xD2, 0x5B, 0x4D, 0x46, 0x6F, 0x72, 0x65, 0x73, 0x74, 0x00, 0x00,
    0x03, 0x19, 0xDD, 0xEF, 0x0E, 0x5E, 0x0E, 0x74, 0x48, 0x2B, 0x84, 0x21, 0x89, 0xDA, 0x1E, 0x4E,
    0x4F, 0x63, 0x65, 0x61, 0x6E, 0x00, 0x00, 0x00, 0xC5, 0x08, 0xDF, 0xEF, 0xFF, 0x3D, 0x53, 0x74,
    0xB6, 0x03, 0x47, 0x11, 0x8A, 0xEA, 0x9F, 0x7E, 0x4C, 0x61, 0x67, 0x6F, 0x6F, 0x6E, 0x00, 0x00,
    0x65, 0x09, 0xFF, 0xEF, 0xB7, 0x2E, 0x71, 0x6C, 0xAD, 0x0B, 0xC7, 0x11, 0x28, 0xEA, 0x3F, 0x65,
    0x41, 0x72, 0x63, 0x74, 0x69, 0x63, 0x00, 0x00, 0xBF, 0xEF, 0x06, 0x11, 0x9F, 0x7E, 0x56, 0x9D,
    0x1E, 0x3C, 0x7E, 0xDF, 0x28, 0xEA, 0xFF, 0x3D, 0x49, 0x63, 0x65, 0x00, 0xFF, 0xF7, 0xA5, 0x08,
    0x3F, 0x96, 0x19, 0xB6, 0x3F, 0x65, 0x9F, 0xEF, 0x24, 0xD9, 0x9D, 0x26, 0x43, 0x68, 0x65, 0x72,
    0x72, 0x79, 0x00, 0x00, 0x82, 0x28, 0x7E, 0xFF, 0x6D, 0xFA, 0xEC, 0x7A, 0xC9, 0xC8, 0xA4, 0x38,
    0xA8, 0xF8, 0x1E, 0x4E, 0x52, 0x6F, 0x73, 0x65, 0x00, 0x00, 0x00, 0x00, 0xBE, 0xFF, 0xE5, 0x38,
    0xF1, 0xFA, 0xD4, 0xB4, 0xE9, 0xE0, 0x5D, 0xFF, 0x24, 0xD9, 0x3F, 0x65, 0x4C, 0x61, 0x76, 0x65,
    0x6E, 0x64, 0x65, 0x72, 0x00, 0x00, 0x00, 0x00, 0xBF, 0xFF, 0x08, 0x29, 0x5F, 0xB4, 0xF7, 0xA4,
    0x7F, 0x7A, 0x5F, 0xEF, 0x28, 0xEA, 0x3F, 0x65, 0x43, 0x79, 0x62, 0x65, 0x72, 0x70, 0x75, 0x6E,
    0x6B, 0x00, 0x00, 0x00, 0x04, 0x08, 0xBF, 0xF7, 0x19, 0xF8, 0xCF, 0x62, 0xBF, 0x07, 0x47, 0x18,
    0x86, 0xF9, 0xE2, 0x3F, 0x54, 0x65, 0x72, 0x6D, 0x69, 0x6E, 0x61, 0x6C, 0x00, 0x00, 0x00, 0x00,
    0x81, 0x08, 0xEF, 0x7F, 0xEC, 0x07, 0xE8, 0x3A, 0x2B, 0x26, 0xC2, 0x08, 0x69, 0xFA, 0x1E, 0x4E,
    0x4D, 0x61, 0x74, 0x72, 0x69, 0x78, 0x00, 0x00, 0x00, 0x00, 0xF3, 0x9F, 0xE0, 0x07, 0xC5, 0x2A,
    0x4A, 0x06, 0x82, 0x10, 0x28, 0xFA, 0x7F, 0x36, 0x4E, 0x6F, 0x72, 0x64, 0x00, 0x00, 0x00, 0x00,
    0xA8, 0x29, 0x7E, 0xEF, 0x1A, 0x8E, 0x32, 0x7C, 0x15, 0x5C, 0x0A, 0x3A, 0x0D, 0xBB, 0x18, 0x85,
    0x44, 0x72, 0x61, 0x63, 0x75, 0x6C, 0x61, 0x00, 0x46, 0x29, 0xDE, 0xFF, 0xCF, 0x57, 0x94, 0x63,
    0x9F, 0xBC, 0x2B, 0x42, 0xAA, 0xFA, 0x5F, 0x8F, 0x47, 0x72, 0x75, 0x76, 0x62, 0x6F, 0x78, 0x00,
    0x45, 0x29, 0xD6, 0xEE, 0xC4, 0xBD, 0x0E, 0x94, 0x31, 0x44, 0xC6, 0x39, 0x46, 0xFA, 0x33, 0x85,
    0x53, 0x6F, 0x6C, 0x61, 0x72, 0x69, 0x7A, 0x65, 0x64, 0x00, 0x00, 0x00, 0x46, 0x01, 0x5A, 0xEF,
    0x13, 0x2D, 0x6E, 0x5B, 0x5A, 0x24, 0xA8, 0x01, 0x85, 0xD9, 0x98, 0x6B, 0x44, 0x65, 0x73, 0x65,
    0x72, 0x74, 0x00, 0x00, 0x63, 0x39, 0x5A, 0xF7, 0x0E, 0xD5, 0xCD, 0x8B, 0x64, 0xBB, 0xC5, 0x49,
    0x45, 0xD1, 0x5A, 0x5D, 0x56, 0x6F, 0x6C, 0x63, 0x61, 0x6E, 0x6F, 0x00, 0x61, 0x18, 0x9D, 0xFF,
    0x46, 0xFB, 0xCA, 0x72, 0x26, 0xC2, 0xA2, 0x28, 0xE3, 0xF8, 0xA0, 0xFD, 0x43, 0x61, 0x6E, 0x64,
    0x79, 0x00, 0x00, 0x00, 0xBF, 0xFF, 0x48, 0x39, 0x38, 0xFB, 0x79, 0xC5, 0xFE, 0x8A, 0x3E, 0xFF,
    0x6D, 0xFA, 0x5F, 0x6E, 0x52, 0x65, 0x74, 0x72, 0x6F, 0x00, 0x00, 0x00, 0x7B, 0xF7, 0x43, 0x31,
    0xE3, 0xFC, 0x4F, 0x9C, 0x36, 0x2E, 0xF8, 0xEE, 0xC8, 0xE1, 0xD3, 0x43, 0x41, 0x75, 0x72, 0x6F,
    0x72, 0x61, 0x00, 0x00, 0x83, 0x08, 0xFF, 0xF7, 0x9A, 0x6F, 0xB0, 0x63, 0x7F, 0x4C, 0x06, 0x11,
    0xEE, 0xFA, 0xFF, 0x7A, 0x52, 0x6F, 0x79, 0x61, 0x6C, 0x00, 0x00, 0x00, 0xC9, 0x18, 0xDD, 0xFF,
    0x8C, 0xFE, 0x52, 0x6B, 0x3C, 0x4A, 0x4C, 0x29, 0x28, 0xEA, 0x3F, 0x65, 0x4E, 0x65, 0x6F, 0x6E,
    0x20, 0x41, 0x6C, 0x6C, 0x65, 0x79, 0x20, 0x44, 0x61, 0x72, 0x6B, 0x00, 0x42, 0x08, 0x9E, 0xF7,
    0x5A, 0xF9, 0x47, 0x29, 0xBF, 0x07, 0xA4, 0x10, 0xC7, 0xF9, 0xF1, 0x3F, 0x4E, 0x65, 0x6F, 0x6E,
    0x20, 0x41, 0x6C, 0x6C, 0x65, 0x79, 0x20, 0x4C, 0x69, 0x67, 0x68, 0x74, 0x00, 0x00, 0x00, 0x00,
    0x9F, 0xF7, 0xA3, 0x10, 0x15, 0xD0, 0xDC, 0xDE, 0xF0, 0x03, 0xFF, 0xFF, 0x45, 0xD1, 0xED, 0x1D,
    0x43, 0x61, 0x66, 0x65, 0x20, 0x53, 0x74, 0x61, 0x74, 0x69, 0x63, 0x20, 0x44, 0x61, 0x72, 0x6B,
    0x00, 0x00, 0x00, 0x00, 0xA2, 0x18, 0x3A, 0xF7, 0xC9, 0xB3, 0x64, 0x39, 0x66, 0x6A, 0xC2, 0x20,
    0x27, 0xC2, 0xBA, 0x7D, 0x43, 0x61, 0x66, 0x65, 0x20, 0x53, 0x74, 0x61, 0x74, 0x69, 0x63, 0x20,
    0x4C, 0x69, 0x67, 0x68, 0x74, 0x00, 0x00, 0x00, 0xBD, 0xFF, 0x03, 0x29, 0xE5, 0xA2, 0xB8, 0xE6,
    0x66, 0x6A, 0xFF, 0xFF, 0x28, 0xD2, 0xD8, 0x4C, 0x44, 0x69, 0x73, 0x63, 0x6F, 0x20, 0x4D, 0x65,
    0x6D, 0x6F, 0x72, 0x79, 0x20, 0x44, 0x61, 0x72, 0x6B, 0x00, 0x00, 0x00, 0x43, 0x10, 0x9F, 0xF7,
    0x7B, 0xFA, 0x49, 0x39, 0x3F, 0x07, 0xA6, 0x18, 0xC7, 0xF9, 0xE7, 0xB7, 0x44, 0x69, 0x73, 0x63,
    0x6F, 0x20, 0x4D, 0x65, 0x6D, 0x6F, 0x72, 0x79, 0x20, 0x4C, 0x69, 0x67, 0x68, 0x74, 0x00, 0x00,
    0xBF, 0xFF, 0xC3, 0x18, 0x15, 0xC8, 0x1E, 0xE7, 0xF5, 0x03, 0xFF, 0xFF, 0xC6, 0xE1, 0x84, 0x7E,
    0x53, 0x6F, 0x66, 0x74, 0x20, 0x48, 0x6F, 0x72, 0x69, 0x7A, 0x6F, 0x6E, 0x20, 0x4C, 0x69, 0x67,
    0x68, 0x74, 0x00, 0x00, 0xBE, 0xFF, 0x06, 0x29, 0xC8, 0xFB, 0xDD, 0xE6, 0x3E, 0xB4, 0xFF, 0xFF,
    0xC8, 0xE1, 0xCC, 0xF5, 0x4F, 0x76, 0x65, 0x72, 0x67, 0x72, 0x6F, 0x77, 0x6E, 0x20, 0x44, 0x61,
    0x72, 0x6B, 0x00, 0x00, 0xA2, 0x08, 0xBD, 0xEF, 0x6E, 0x2E, 0xC6, 0x29, 0x69, 0x1B, 0x03, 0x11,
    0x67, 0xE2, 0x1E, 0x4E, 0x4F, 0x76, 0x65, 0x72, 0x67, 0x72, 0x6F, 0x77, 0x6E, 0x20, 0x4C, 0x69,
    0x67, 0x68, 0x74, 0x00, 0xDE, 0xF7, 0x44, 0x19, 0x6C, 0x25, 0x7C, 0xDF, 0x6E, 0x2E, 0xFF, 0xFF,
    0x28, 0xD2, 0xDB, 0x34, 0x47, 0x6C, 0x69, 0x74, 0x63, 0x68, 0x20, 0x49, 0x63, 0x65, 0x20, 0x44,
    0x61, 0x72, 0x6B, 0x00, 0x42, 0x00, 0xBF, 0xE7, 0x9F, 0x7E, 0xC9, 0x29, 0x3E, 0x63, 0xC4, 0x10,
    0x28, 0xEA, 0x9D, 0x26, 0x44, 0x65, 0x65, 0x70, 0x20, 0x53, 0x70, 0x61, 0x63, 0x65, 0x20, 0x44,
    0x61, 0x72, 0x6B, 0x00, 0x21, 0x00, 0x5F, 0xEF, 0x1F, 0x7C, 0xC5, 0x18, 0x5F, 0xB4, 0x84, 0x08,
    0x6D, 0xFA, 0x8C, 0xFE, 0x44, 0x65, 0x65, 0x70, 0x20, 0x53, 0x70, 0x61, 0x63, 0x65, 0x20, 0x4C,
    0x69, 0x67, 0x68, 0x74, 0x00, 0x00, 0x00, 0x00, 0xDF, 0xFF, 0x83, 0x10, 0x7F, 0x5B, 0x3F, 0xE7,
    0x7F, 0x7A, 0xFF, 0xFF, 0xC8, 0xE1, 0x0C, 0xF5, 0x54, 0x0A, 0x00, 0x00, 0x70, 0x0A, 0x00, 0x00,
    0x8C, 0x0A, 0x00, 0x00, 0xA8, 0x0A, 0x00, 0x00, 0xC4, 0x0A, 0x00, 0x00, 0xE0, 0x0A, 0x00, 0x00,
    0xFC, 0x0A, 0x00, 0x00, 0x18, 0x0B, 0x00, 0x00, 0x34, 0x0B, 0x00, 0x00, 0x58, 0x0B, 0x00, 0x00,
    0x74, 0x0B, 0x00, 0x00, 0x98, 0x0B, 0x00, 0x00, 0xB4, 0x0B, 0x00, 0x00, 0xD0, 0x0B, 0x00, 0x00,
    0xEC, 0x0B, 0x00, 0x00, 0x08, 0x0C, 0x00, 0x00, 0x24, 0x0C, 0x00, 0x00, 0x40, 0x0C, 0x00, 0x00,
    0x5C, 0x0C, 0x00, 0x00, 0x78, 0x0C, 0x00, 0x00, 0x94, 0x0C, 0x00, 0x00, 0xB8, 0x0C, 0x00, 0x00,
    0xD4, 0x0C, 0x00, 0x00, 0xF0, 0x0C, 0x00, 0x00, 0x0C, 0x0D, 0x00, 0x00, 0x28, 0x0D, 0x00, 0x00,
    0x44, 0x0D, 0x00, 0x00, 0x60, 0x0D, 0x00, 0x00, 0x7C, 0x0D, 0x00, 0x00, 0x98, 0x0D, 0x00, 0x00,
    0xB4, 0x0D, 0x00, 0x00, 0xD0, 0x0D, 0x00, 0x00, 0xEC, 0x0D, 0x00, 0x00, 0x08, 0x0E, 0x00, 0x00,
    0x24, 0x0E, 0x00, 0x00, 0x40, 0x0E, 0x00, 0x00, 0x5C, 0x0E, 0x00, 0x00, 0x78, 0x0E, 0x00, 0x00,
    0x94, 0x0E, 0x00, 0x00, 0xB0, 0x0E, 0x00, 0x00, 0xCC, 0x0E, 0x00, 0x00, 0xE8, 0x0E, 0x00, 0x00,
    0x04, 0x0F, 0x00, 0x00, 0x20, 0x0F, 0x00, 0x00, 0x3C, 0x0F, 0x00, 0x00, 0x58, 0x0F, 0x00, 0x00,
    0x74, 0x0F, 0x00, 0x00, 0x90, 0x0F, 0x00, 0x00, 0xAC, 0x0F, 0x00, 0x00, 0xC8, 0x0F, 0x00, 0x00,
    0xE4, 0x0F, 0x00, 0x00, 0x00, 0x10, 0x00, 0x00, 0x1C, 0x10, 0x00, 0x00, 0x38, 0x10, 0x00, 0x00,
    0x54, 0x10, 0x00, 0x00, 0x70, 0x10, 0x00, 0x00, 0x8C, 0x10, 0x00, 0x00, 0xA8, 0x10, 0x00, 0x00,
    0xCC, 0x10, 0x00, 0x00, 0xE8, 0x10, 0x00, 0x00, 0x04, 0x11, 0x00, 0x00, 0x20, 0x11, 0x00, 0x00,
    0x3C, 0x11, 0x00, 0x00, 0x58, 0x11, 0x00, 0x00, 0x74, 0x11, 0x00, 0x00, 0x90, 0x11, 0x00, 0x00,
    0xAC, 0x11, 0x00, 0x00, 0xC8, 0x11, 0x00, 0x00, 0xE4, 0x11, 0x00, 0x00, 0x00, 0x12, 0x00, 0x00,
    0x1C, 0x12, 0x00, 0x00, 0x38, 0x12, 0x00, 0x00, 0x54, 0x12, 0x00, 0x00, 0x70, 0x12, 0x00, 0x00,
    0x8C, 0x12, 0x00, 0x00, 0xA8, 0x12, 0x00, 0x00, 0xCC, 0x12, 0x00, 0x00, 0xE8, 0x12, 0x00, 0x00,
    0x04, 0x13, 0x00, 0x00, 0x20, 0x13, 0x00, 0x00, 0x3C, 0x13, 0x00, 0x00, 0x58, 0x13, 0x00, 0x00,
    0x74, 0x13, 0x00, 0x00, 0x98, 0x13, 0x00, 0x00, 0xB4, 0x13, 0x00, 0x00, 0xD0, 0x13, 0x00, 0x00,
    0xEC, 0x13, 0x00, 0x00, 0x08, 0x14, 0x00, 0x00, 0x24, 0x14, 0x00, 0x00, 0x40, 0x14, 0x00, 0x00,
    0x5C, 0x14, 0x00, 0x00, 0x78, 0x14, 0x00, 0x00, 0x94, 0x14, 0x00, 0x00, 0xB0, 0x14, 0x00, 0x00,
    0xCC, 0x14, 0x00, 0x00, 0xE8, 0x14, 0x00, 0x00, 0x04, 0x15, 0x00, 0x00, 0x20, 0x15, 0x00, 0x00,
    0x44, 0x15, 0x00, 0x00, 0x60, 0x15, 0x00, 0x00, 0x7C, 0x15, 0x00, 0x00, 0x98, 0x15, 0x00, 0x00,
    0xB4, 0x15, 0x00, 0x00, 0xD0, 0x15, 0x00, 0x00, 0xEC, 0x15, 0x00, 0x00, 0x08, 0x16, 0x00, 0x00,
    0x24, 0x16, 0x00, 0x00, 0x40, 0x16, 0x00, 0x00, 0x64, 0x16, 0x00, 0x00, 0x80, 0x16, 0x00, 0x00,
    0x9C, 0x16, 0x00, 0x00, 0xB8, 0x16, 0x00, 0x00, 0xD4, 0x16, 0x00, 0x00, 0xF0, 0x16, 0x00, 0x00,
    0x0C, 0x17, 0x00, 0x00, 0x28, 0x17, 0x00, 0x00, 0x44, 0x17, 0x00, 0x00, 0x60, 0x17, 0x00, 0x00,
    0x84, 0x17, 0x00, 0x00, 0xA0, 0x17, 0x00, 0x00, 0xBC, 0x17, 0x00, 0x00, 0xD8, 0x17, 0x00, 0x00,
    0xF4, 0x17, 0x00, 0x00, 0x10, 0x18, 0x00, 0x00, 0x2C, 0x18, 0x00, 0x00, 0x48, 0x18, 0x00, 0x00,
    0x64, 0x18, 0x00, 0x00, 0x80, 0x18, 0x00, 0x00, 0x9C, 0x18, 0x00, 0x00, 0xB8, 0x18, 0x00, 0x00,
    0xD4, 0x18, 0x00, 0x00, 0xF0, 0x18, 0x00, 0x00, 0x0C, 0x19, 0x00, 0x00, 0x28, 0x19, 0x00, 0x00,
    0x44, 0x19, 0x00, 0x00, 0x60, 0x19, 0x00, 0x00, 0x7C, 0x19, 0x00, 0x00, 0x98, 0x19, 0x00, 0x00,
    0xBC, 0x19, 0x00, 0x00, 0xD8, 0x19, 0x00, 0x00, 0xF4, 0x19, 0x00, 0x00, 0x10, 0x1A, 0x00, 0x00,
    0x2C, 0x1A, 0x00, 0x00, 0x48, 0x1A, 0x00, 0x00, 0x64, 0x1A, 0x00, 0x00, 0x80, 0x1A, 0x00, 0x00,
    0x9C, 0x1A, 0x00, 0x00, 0xB8, 0x1A, 0x00, 0x00, 0xD4, 0x1A, 0x00, 0x00, 0xF0, 0x1A, 0x00, 0x00,
    0x0C, 0x1B, 0x00, 0x00, 0x28, 0x1B, 0x00, 0x00, 0x44, 0x1B, 0x00, 0x00, 0x60, 0x1B, 0x00, 0x00,
    0x7C, 0x1B, 0x00, 0x00, 0x98, 0x1B, 0x00, 0x00, 0xBC, 0x1B, 0x00, 0x00, 0xD8, 0x1B, 0x00, 0x00,
    0xF4, 0x1B, 0x00, 0x00, 0x10, 0x1C, 0x00, 0x00, 0x2C, 0x1C, 0x00, 0x00, 0x48, 0x1C, 0x00, 0x00,
    0x64, 0x1C, 0x00, 0x00, 0x80, 0x1C, 0x00, 0x00, 0x9C, 0x1C, 0x00, 0x00, 0xB8, 0x1C, 0x00, 0x00,
    0xD4, 0x1C, 0x00, 0x00, 0xF0, 0x1C, 0x00, 0x00, 0x0C, 0x1D, 0x00, 0x00, 0x28, 0x1D, 0x00, 0x00,
    0x44, 0x1D, 0x00, 0x00, 0x60, 0x1D, 0x00, 0x00, 0x7C, 0x1D, 0x00, 0x00, 0x98, 0x1D, 0x00, 0x00,
    0xB4, 0x1D, 0x00, 0x00, 0xD0, 0x1D, 0x00, 0x00, 0xEC, 0x1D, 0x00, 0x00, 0x08, 0x1E, 0x00, 0x00,
    0x24, 0x1E, 0x00, 0x00, 0x40, 0x1E, 0x00, 0x00, 0x5C, 0x1E, 0x00, 0x00, 0x78, 0x1E, 0x00, 0x00,
    0x94, 0x1E, 0x00, 0x00, 0xB0, 0x1E, 0x00, 0x00, 0xCC, 0x1E, 0x00, 0x00, 0xE8, 0x1E, 0x00, 0x00,
    0x04, 0x1F, 0x00, 0x00, 0x20, 0x1F, 0x00, 0x00, 0x3C, 0x1F, 0x00, 0x00, 0x58, 0x1F, 0x00, 0x00,
    0x74, 0x1F, 0x00, 0x00, 0x90, 0x1F, 0x00, 0x00, 0xAC, 0x1F, 0x00, 0x00, 0xC8, 0x1F, 0x00, 0x00,
    0xE4, 0x1F, 0x00, 0x00, 0x00, 0x20, 0x00, 0x00, 0x1C, 0x20, 0x00, 0x00, 0x38, 0x20, 0x00, 0x00,
    0x54, 0x20, 0x00, 0x00, 0x70, 0x20, 0x00, 0x00, 0x8C, 0x20, 0x00, 0x00, 0xA8, 0x20, 0x00, 0x00,
    0xC4, 0x20, 0x00, 0x00, 0xE0, 0x20, 0x00, 0x00, 0xFC, 0x20, 0x00, 0x00, 0x18, 0x21, 0x00, 0x00,
    0x34, 0x21, 0x00, 0x00, 0x50, 0x21, 0x00, 0x00, 0x6C, 0x21, 0x00, 0x00, 0x88, 0x21, 0x00, 0x00,
    0xA4, 0x21, 0x00, 0x00, 0xC0, 0x21, 0x00, 0x00, 0xDC, 0x21, 0x00, 0x00, 0xF8, 0x21, 0x00, 0x00,
    0x14, 0x22, 0x00, 0x00, 0x30, 0x22, 0x00, 0x00, 0x4C, 0x22, 0x00, 0x00, 0x68, 0x22, 0x00, 0x00,
    0x84, 0x22, 0x00, 0x00, 0xA0, 0x22, 0x00, 0x00, 0xBC, 0x22, 0x00, 0x00, 0xD8, 0x22, 0x00, 0x00,
    0xF4, 0x22, 0x00, 0x00, 0x10, 0x23, 0x00, 0x00, 0x2C, 0x23, 0x00, 0x00, 0x48, 0x23, 0x00, 0x00,
    0x64, 0x23, 0x00, 0x00, 0x80, 0x23, 0x00, 0x00, 0x9C, 0x23, 0x00, 0x00, 0xB8, 0x23, 0x00, 0x00,
    0xD4, 0x23, 0x00, 0x00, 0xF0, 0x23, 0x00, 0x00, 0x0C, 0x24, 0x00, 0x00, 0x28, 0x24, 0x00, 0x00,
    0x44, 0x24, 0x00, 0x00, 0x60, 0x24, 0x00, 0x00, 0x7C, 0x24, 0x00, 0x00, 0x98, 0x24, 0x00, 0x00,
    0xB4, 0x24, 0x00, 0x00, 0xD0, 0x24, 0x00, 0x00, 0xEC, 0x24, 0x00, 0x00, 0x08, 0x25, 0x00, 0x00,
    0x24, 0x25, 0x00, 0x00, 0x40, 0x25, 0x00, 0x00, 0x5C, 0x25, 0x00, 0x00, 0x78, 0x25, 0x00, 0x00,
    0x94, 0x25, 0x00, 0x00, 0xB0, 0x25, 0x00, 0x00, 0x00, 0x00, 0x00, 0x00, 0xB8, 0x25, 0x00, 0x00,
    0xD4, 0x25, 0x00, 0x00, 0xF0, 0x25, 0x00, 0x00, 0x0C, 0x26, 0x00, 0x00, 0x28, 0x26, 0x00, 0x00,
    0x44, 0x26, 0x00, 0x00, 0x60, 0x26, 0x00, 0x00, 0x7C, 0x26, 0x00, 0x00, 0x98, 0x26, 0x00, 0x00,
    0xB4, 0x26, 0x00, 0x00, 0xD0, 0x26, 0x00, 0x00, 0xEC, 0x26, 0x00, 0x00, 0x08, 0x27, 0x00, 0x00,
    0x24, 0x27, 0x00, 0x00, 0x40, 0x27, 0x00, 0x00, 0x5C, 0x27, 0x00, 0x00, 0x78, 0x27, 0x00, 0x00,
    0x94, 0x27, 0x00, 0x00, 0xB0, 0x27, 0x00, 0x00, 0xCC, 0x27, 0x00, 0x00, 0xE8, 0x27, 0x00, 0x00,
    0x04, 0x28, 0x00, 0x00, 0x20, 0x28, 0x00, 0x00, 0x3C, 0x28, 0x00, 0x00, 0x58, 0x28, 0x00, 0x00,
    0x74, 0x28, 0x00, 0x00, 0x90, 0x28, 0x00, 0x00, 0xAC, 0x28, 0x00, 0x00, 0xC8, 0x28, 0x00, 0x00,
    0xE4, 0x28, 0x00, 0x00, 0x00, 0x29, 0x00, 0x00, 0x1C, 0x29, 0x00, 0x00, 0x38, 0x29, 0x00, 0x00,
    0x54, 0x29, 0x00, 0x00, 0x70, 0x29, 0x00, 0x00, 0x8C, 0x29, 0x00, 0x00, 0xA8, 0x29, 0x00, 0x00,
    0xC4, 0x29, 0x00, 0x00, 0xE0, 0x29, 0x00, 0x00, 0xFC, 0x29, 0x00, 0x00, 0x18, 0x2A, 0x00, 0x00,
    0x34, 0x2A, 0x00, 0x00, 0x50, 0x2A, 0x00, 0x00, 0x6C, 0x2A, 0x00, 0x00, 0x88, 0x2A, 0x00, 0x00,
    0xA4, 0x2A, 0x00, 0x00, 0xC0, 0x2A, 0x00, 0x00, 0xDC, 0x2A, 0x00, 0x00, 0xF8, 0x2A, 0x00, 0x00,
    0x14, 0x2B, 0x00, 0x00, 0x30, 0x2B, 0x00, 0x00, 0x4C, 0x2B, 0x00, 0x00, 0x68, 0x2B, 0x00, 0x00,
    0x30, 0x3A, 0x32, 0x30, 0x00, 0x00, 0x00, 0x00, 0x00, 0x00, 0x00, 0x00, 0x19, 0x00, 0x00, 0x00,
    0x00, 0x40, 0x00, 0x00, 0x02, 0x00, 0x00, 0x00, 0x00, 0x00, 0x00, 0x00, 0x01, 0x00, 0x00, 0x00,
    0x00, 0x00, 0x00, 0x00, 0x02, 0x00, 0x00, 0x00, 0x00, 0x00, 0x00, 0x00, 0x01, 0x00, 0x00, 0x00,
    0x00, 0x00, 0x00, 0x00, 0x02, 0x00, 0x00, 0x00, 0x00, 0x00, 0x00, 0x00, 0x01, 0x00, 0x00, 0x00,
    0x00, 0x00, 0x00, 0x00, 0x02, 0x00, 0x00, 0x00, 0x00, 0x00, 0x00, 0x00, 0x00, 0x00, 0x00, 0x00,
    0x00, 0x00, 0x00, 0x00, 0x0E, 0x00, 0x00, 0x00, 0x00, 0x00, 0x00, 0x00, 0x28, 0x2B, 0x00, 0x00,
    0x00, 0x00, 0x00, 0x00, 0x0E, 0x00, 0x00, 0x00, 0x00, 0x00, 0x00, 0x00, 0x24, 0x2B, 0x00, 0x00,
    0x00, 0x00, 0x00, 0x00, 0x02, 0x00, 0x00, 0x00, 0x00, 0x00, 0x00, 0x00, 0x01, 0x00, 0x00, 0x00,
    0x00, 0x00, 0x00, 0x00, 0x0E, 0x00, 0x00, 0x00, 0x00, 0x00, 0x00, 0x00, 0x08, 0x2B, 0x00, 0x00,
    0x00, 0x00, 0x00, 0x00, 0x0E, 0x00, 0x00, 0x00, 0x00, 0x00, 0x00, 0x00, 0xFC, 0x2A, 0x00, 0x00,
    0x00, 0x00, 0x00, 0x00, 0x02, 0x00, 0x00, 0x00, 0x00, 0x00, 0x00, 0x00, 0x00, 0x00, 0x00, 0x00,
    0x00, 0x00, 0x00, 0x00, 0x02, 0x00, 0x00, 0x00, 0x00, 0x00, 0x00, 0x00, 0x01, 0x00, 0x00, 0x00,
    0x00, 0x00, 0x00, 0x00, 0x02, 0x00, 0x00, 0x00, 0x00, 0x00, 0x00, 0x00, 0x00, 0x00, 0x00, 0x00,
    0x00, 0x00, 0x00, 0x00, 0x02, 0x00, 0x00, 0x00, 0x00, 0x00, 0x00, 0x00, 0x00, 0x00, 0x00, 0x00,
    0x00, 0x00, 0x00, 0x00, 0x07, 0x00, 0x00, 0x00, 0x00, 0x00, 0x00, 0x00, 0x01, 0x00, 0x00, 0x00,
    0x00, 0x00, 0x00, 0x00, 0x07, 0x00, 0x00, 0x00, 0x00, 0x00, 0x00, 0x00, 0x00, 0x00, 0x00, 0x00,
    0x00, 0x00, 0x00, 0x00, 0x02, 0x00, 0x00, 0x00, 0x00, 0x00, 0x00, 0x00, 0x01, 0x00, 0x00, 0x00,
    0x00, 0x00, 0x00, 0x00, 0x02, 0x00, 0x00, 0x00, 0x00, 0x00, 0x00, 0x00, 0x01, 0x00, 0x00, 0x00,
    0x00, 0x00, 0x00, 0x00, 0x02, 0x00, 0x00, 0x00, 0x00, 0x00, 0x00, 0x00, 0x01, 0x00, 0x00, 0x00,
    0x00, 0x00, 0x00, 0x00, 0x02, 0x00, 0x00, 0x00, 0x00, 0x00, 0x00, 0x00, 0x01, 0x00, 0x00, 0x00,
    0x00, 0x00, 0x00, 0x00, 0x02, 0x00, 0x00, 0x00, 0x00, 0x00, 0x00, 0x00, 0x00, 0x00, 0x00, 0x00,
    0x00, 0x00, 0x00, 0x00, 0x02, 0x00, 0x00, 0x00, 0x00, 0x00, 0x00, 0x00, 0x00, 0x00, 0x00, 0x00,
    0x00, 0x00, 0x00, 0x00, 0x0E, 0x00, 0x00, 0x00, 0x00, 0x00, 0x00, 0x00, 0x30, 0x2A, 0x00, 0x00,
    0x00, 0x00, 0x00, 0x00, 0x0E, 0x00, 0x00, 0x00, 0x00, 0x00, 0x00, 0x00, 0x24, 0x2A, 0x00, 0x00,
    0x00, 0x00, 0x00, 0x00, 0x0E, 0x00, 0x00, 0x00, 0x00, 0x00, 0x00, 0x00, 0x18, 0x2A, 0x00, 0x00,
    0x00, 0x00, 0x00, 0x00, 0x02, 0x00, 0x00, 0x00, 0x00, 0x00, 0x00, 0x00, 0x00, 0x00, 0x00, 0x00,
    0x00, 0x00, 0x00, 0x00, 0x09, 0x00, 0x00, 0x00, 0x01, 0x40, 0x00, 0x00, 0x0E, 0x00, 0x00, 0x00,
    0x00, 0x00, 0x00, 0x00, 0xF4, 0x29, 0x00, 0x00, 0x00, 0x00, 0x00, 0x00, 0x0B, 0x00, 0x00, 0x00,
    0x00, 0x00, 0x00, 0x00, 0x00, 0x00, 0xA6, 0x42, 0x00, 0x00, 0x00, 0x00, 0x0E, 0x00, 0x00, 0x00,
    0x00, 0x00, 0x00, 0x00, 0xF8, 0x29, 0x00, 0x00, 0x00, 0x00, 0x00, 0x00, 0x07, 0x00, 0x00, 0x00,
    0x00, 0x00, 0x00, 0x00, 0x02, 0x00, 0x00, 0x00, 0x00, 0x00, 0x00, 0x00, 0x07, 0x00, 0x00, 0x00,
    0x00, 0x00, 0x00, 0x00, 0x03, 0x00, 0x00, 0x00, 0x00, 0x00, 0x00, 0x00, 0x02, 0x00, 0x00, 0x00,
    0x00, 0x00, 0x00, 0x00, 0x00, 0x00, 0x00, 0x00, 0x00, 0x00, 0x00, 0x00, 0x02, 0x00, 0x00, 0x00,
    0x00, 0x00, 0x00, 0x00, 0x01, 0x00, 0x00, 0x00, 0x00, 0x00, 0x00, 0x00, 0x0B, 0x00, 0x00, 0x00,
    0x00, 0x00, 0x00, 0x00, 0x00, 0x00, 0x10, 0x42, 0x00, 0x00, 0x00, 0x00, 0x02, 0x00, 0x00, 0x00,
    0x00, 0x00, 0x00, 0x00, 0x00, 0x00, 0x00, 0x00, 0x00, 0x00, 0x00, 0x00, 0x09, 0x00, 0x00, 0x00,
    0x01, 0x40, 0x00, 0x00, 0x0E, 0x00, 0x00, 0x00, 0x00, 0x00, 0x00, 0x00, 0x88, 0x29, 0x00, 0x00,
    0x00, 0x00, 0x00, 0x00, 0x0B, 0x00, 0x00, 0x00, 0x00, 0x00, 0x00, 0x00, 0x00, 0x00, 0xA6, 0x42,
    0x00, 0x00, 0x00, 0x00, 0x0E, 0x00, 0x00, 0x00, 0x00, 0x00, 0x00, 0x00, 0x8C, 0x29, 0x00, 0x00,
    0x00, 0x00, 0x00, 0x00, 0x07, 0x00, 0x00, 0x00, 0x00, 0x00, 0x00, 0x00, 0x02, 0x00, 0x00, 0x00,
    0x00, 0x00, 0x00, 0x00, 0x07, 0x00, 0x00, 0x00, 0x00, 0x00, 0x00, 0x00, 0x03, 0x00, 0x00, 0x00,
    0x00, 0x00, 0x00, 0x00, 0x02, 0x00, 0x00, 0x00, 0x00, 0x00, 0x00, 0x00, 0x00, 0x00, 0x00, 0x00,
    0x00, 0x00, 0x00, 0x00, 0x02, 0x00, 0x00, 0x00, 0x00, 0x00, 0x00, 0x00, 0x01, 0x00, 0x00, 0x00,
    0x00, 0x00, 0x00, 0x00, 0x0B, 0x00, 0x00, 0x00, 0x00, 0x00, 0x00, 0x00, 0x00, 0x00, 0x10, 0x42,
    0x00, 0x00, 0x00, 0x00, 0x02, 0x00, 0x00, 0x00, 0x00, 0x00, 0x00, 0x00, 0x00, 0x00, 0x00, 0x00,
    0x00, 0x00, 0x00, 0x00, 0x07, 0x00, 0x00, 0x00, 0x02, 0x40, 0x00, 0x00, 0x0B, 0x00, 0x00, 0x00,
    0x00, 0x00, 0x00, 0x00, 0x00, 0x00, 0x00, 0x40, 0x00, 0x00, 0x00, 0x00, 0x0B, 0x00, 0x00, 0x00,
    0x00, 0x00, 0x00, 0x00, 0x00, 0x00, 0x00, 0x41, 0x00, 0x00, 0x00, 0x00, 0x0B, 0x00, 0x00, 0x00,
    0x00, 0x00, 0x00, 0x00, 0x00, 0x00, 0xA0, 0x42, 0x00, 0x00, 0x00, 0x00, 0x0B, 0x00, 0x00, 0x00,
    0x00, 0x00, 0x00, 0x00, 0x00, 0x00, 0xBA, 0x42, 0x00, 0x00, 0x00, 0x00, 0x0B, 0x00, 0x00, 0x00,
    0x00, 0x00, 0x00, 0x00, 0x00, 0x00, 0x80, 0x41, 0x00, 0x00, 0x00, 0x00, 0x0B, 0x00, 0x00, 0x00,
    0x00, 0x00, 0x00, 0x00, 0x00, 0x00, 0x20, 0x43, 0x00, 0x00, 0x00, 0x00, 0x0B, 0x00, 0x00, 0x00,
    0x00, 0x00, 0x00, 0x00, 0x00, 0x00, 0x00, 0x00, 0x00, 0x00, 0x00, 0x00, 0x08, 0x00, 0x00, 0x00,
    0x03, 0x40, 0x00, 0x00, 0x02, 0x00, 0x00, 0x00, 0x00, 0x00, 0x00, 0x00, 0x00, 0x00, 0x00, 0x00,
    0x00, 0x00, 0x00, 0x00, 0x02, 0x00, 0x00, 0x00, 0x00, 0x00, 0x00, 0x00, 0x00, 0x00, 0x00, 0x00,
    0x00, 0x00, 0x00, 0x00, 0x02, 0x00, 0x00, 0x00, 0x00, 0x00, 0x00, 0x00, 0x00, 0x00, 0x00, 0x00,
    0x00, 0x00, 0x00, 0x00, 0x02, 0x00, 0x00, 0x00, 0x00, 0x00, 0x00, 0x00, 0x00, 0x00, 0x00, 0x00,
    0x00, 0x00, 0x00, 0x00, 0x02, 0x00, 0x00, 0x00, 0x00, 0x00, 0x00, 0x00, 0x00, 0x00, 0x00, 0x00,
    0x00, 0x00, 0x00, 0x00, 0x02, 0x00, 0x00, 0x00, 0x00, 0x00, 0x00, 0x00, 0x00, 0x00, 0x00, 0x00,
    0x00, 0x00, 0x00, 0x00, 0x02, 0x00, 0x00, 0x00, 0x00, 0x00, 0x00, 0x00, 0x00, 0x00, 0x00, 0x00,
    0x00, 0x00, 0x00, 0x00, 0x02, 0x00, 0x00, 0x00, 0x00, 0x00, 0x00, 0x00, 0x00, 0x00, 0x00, 0x00,
    0x00, 0x00, 0x00, 0x00, 0x11, 0x00, 0x00, 0x00, 0x04, 0x40, 0x00, 0x00, 0x0B, 0x00, 0x00, 0x00,
    0x00, 0x00, 0x00, 0x00, 0x00, 0x00, 0xBA, 0x42, 0x00, 0x00, 0x00, 0x00, 0x0B, 0x00, 0x00, 0x00,
    0x00, 0x00, 0x00, 0x00, 0x00, 0x00, 0xAE, 0x42, 0x00, 0x00, 0x00, 0x00, 0x0E, 0x00, 0x00, 0x00,
    0x00, 0x00, 0x00, 0x00, 0xFC, 0x27, 0x00, 0x00, 0x00, 0x00, 0x00, 0x00, 0x07, 0x00, 0x00, 0x00,
    0x00, 0x00, 0x00, 0x00, 0x00, 0x00, 0x00, 0x00, 0x00, 0x00, 0x00, 0x00, 0x07, 0x00, 0x00, 0x00,
    0x00, 0x00, 0x00, 0x00, 0x00, 0x00, 0x00, 0x00, 0x00, 0x00, 0x00, 0x00, 0x02, 0x00, 0x00, 0x00,
    0x00, 0x00, 0x00, 0x00, 0x01, 0x00, 0x00, 0x00, 0x00, 0x00, 0x00, 0x00, 0x02, 0x00, 0x00, 0x00,
    0x00, 0x00, 0x00, 0x00, 0x00, 0x00, 0x00, 0x00, 0x00, 0x00, 0x00, 0x00, 0x0B, 0x00, 0x00, 0x00,
    0x00, 0x00, 0x00, 0x00, 0x00, 0x00, 0x08, 0x42, 0x00, 0x00, 0x00, 0x00, 0x0E, 0x00, 0x00, 0x00,
    0x00, 0x00, 0x00, 0x00, 0xA4, 0x27, 0x00, 0x00, 0x00, 0x00, 0x00, 0x00, 0x0E, 0x00, 0x00, 0x00,
    0x00, 0x00, 0x00, 0x00, 0x9C, 0x27, 0x00, 0x00, 0x00, 0x00, 0x00, 0x00, 0x0B, 0x00, 0x00, 0x00,
    0x00, 0x00, 0x00, 0x00, 0x00, 0x00, 0x20, 0x41, 0x00, 0x00, 0x00, 0x00, 0x0B, 0x00, 0x00, 0x00,
    0x00, 0x00, 0x00, 0x00, 0x00, 0x00, 0x28, 0x42, 0x00, 0x00, 0x00, 0x00, 0x02, 0x00, 0x00, 0x00,
    0x00, 0x00, 0x00, 0x00, 0x01, 0x00, 0x00, 0x00, 0x00, 0x00, 0x00, 0x00, 0x0E, 0x00, 0x00, 0x00,
    0x00, 0x00, 0x00, 0x00, 0x68, 0x27, 0x00, 0x00, 0x00, 0x00, 0x00, 0x00, 0x0B, 0x00, 0x00, 0x00,
    0x00, 0x00, 0x00, 0x00, 0x00, 0x00, 0x34, 0x42, 0x00, 0x00, 0x00, 0x00, 0x02, 0x00, 0x00, 0x00,
    0x00, 0x00, 0x00, 0x00, 0x01, 0x00, 0x00, 0x00, 0x00, 0x00, 0x00, 0x00, 0x0B, 0x00, 0x00, 0x00,
    0x00, 0x00, 0x00, 0x00, 0x00, 0x00, 0x00, 0x00, 0x00, 0x00, 0x00, 0x00, 0x03, 0x00, 0x00, 0x00,
    0x05, 0x40, 0x00, 0x00, 0x07, 0x00, 0x00, 0x00, 0x00, 0x00, 0x00, 0x00, 0x0D, 0x00, 0x00, 0x00,
    0x00, 0x00, 0x00, 0x00, 0x07, 0x00, 0x00, 0x00, 0x00, 0x00, 0x00, 0x00, 0x14, 0x00, 0x00, 0x00,
    0x00, 0x00, 0x00, 0x00, 0x07, 0x00, 0x00, 0x00, 0x00, 0x00, 0x00, 0x00, 0x01, 0x00, 0x00, 0x00,
    0x00, 0x00, 0x00, 0x00, 0x07, 0x00, 0x00, 0x00, 0x06, 0x40, 0x00, 0x00, 0x07, 0x00, 0x00, 0x00,
    0x00, 0x00, 0x00, 0x00, 0x00, 0x00, 0x00, 0x00, 0x00, 0x00, 0x00, 0x00, 0x07, 0x00, 0x00, 0x00,
    0x00, 0x00, 0x00, 0x00, 0x14, 0x00, 0x00, 0x00, 0x00, 0x00, 0x00, 0x00, 0x07, 0x00, 0x00, 0x00,
    0x00, 0x00, 0x00, 0x00, 0x01, 0x00, 0x00, 0x00, 0x00, 0x00, 0x00, 0x00, 0x07, 0x00, 0x00, 0x00,
    0x00, 0x00, 0x00, 0x00, 0x00, 0x00, 0x00, 0x00, 0x00, 0x00, 0x00, 0x00, 0x07, 0x00, 0x00, 0x00,
    0x00, 0x00, 0x00, 0x00, 0x00, 0x00, 0x00, 0x00, 0x00, 0x00, 0x00, 0x00, 0x07, 0x00, 0x00, 0x00,
    0x00, 0x00, 0x00, 0x00, 0x00, 0x00, 0x00, 0x00, 0x00, 0x00, 0x00, 0x00, 0x02, 0x00, 0x00, 0x00,
    0x00, 0x00, 0x00, 0x00, 0x00, 0x00, 0x00, 0x00, 0x00, 0x00, 0x00, 0x00, 0x30, 0x75, 0x00, 0x00,
    0x00, 0x00, 0x00, 0x00, 0x00, 0x00, 0x00, 0x00, 0x04, 0x00, 0x00, 0x00, 0x78, 0x26, 0x00, 0x00,
    0x00, 0x00, 0x00, 0x00, 0x00, 0x00, 0x00, 0x00, 0xFF, 0xFF, 0x00, 0x00, 0x31, 0x75, 0x00, 0x00,
    0x00, 0x00, 0x00, 0x00, 0x00, 0x00, 0x00, 0x00, 0x03, 0x00, 0x00, 0x00, 0x68, 0x26, 0x00, 0x00,
    0x01, 0x00, 0x00, 0x00, 0x6C, 0x26, 0x00, 0x00, 0xFF, 0xFF, 0x00, 0x00, 0x30, 0x75, 0x00, 0x00,
    0x00, 0x00, 0x00, 0x00, 0x00, 0x00, 0x00, 0x00, 0x04, 0x00, 0x00, 0x00, 0x58, 0x26, 0x00, 0x00,
    0x00, 0x00, 0x00, 0x00, 0x00, 0x00, 0x00, 0x00, 0xFF, 0xFF, 0x00, 0x00, 0x32, 0x75, 0x00, 0x00,
    0x00, 0x00, 0x00, 0x00, 0x00, 0x00, 0x00, 0x00, 0x04, 0x00, 0x00, 0x00, 0x48, 0x26, 0x00, 0x00,
    0x00, 0x00, 0x00, 0x00, 0x00, 0x00, 0x00, 0x00, 0xFF, 0xFF, 0x00, 0x00, 0x30, 0x75, 0x00, 0x00,
    0x00, 0x00, 0x00, 0x00, 0x00, 0x00, 0x00, 0x00, 0x04, 0x00, 0x00, 0x00, 0x38, 0x26, 0x00, 0x00,
    0x00, 0x00, 0x00, 0x00, 0x00, 0x00, 0x00, 0x00, 0xFF, 0xFF, 0x00, 0x00, 0x30, 0x75, 0x00, 0x00,
    0x00, 0x00, 0x00, 0x00, 0x00, 0x00, 0x00, 0x00, 0x04, 0x00, 0x00, 0x00, 0x28, 0x26, 0x00, 0x00,
    0x00, 0x00, 0x00, 0x00, 0x00, 0x00, 0x00, 0x00, 0xFF, 0xFF, 0x00, 0x00, 0x30, 0x75, 0x00, 0x00,
    0x00, 0x00, 0x00, 0x00, 0x00, 0x00, 0x00, 0x00, 0x04, 0x00, 0x00, 0x00, 0x18, 0x26, 0x00, 0x00,
    0x00, 0x00, 0x00, 0x00, 0x00, 0x00, 0x00, 0x00, 0xFF, 0xFF, 0x00, 0x00, 0x33, 0x75, 0x00, 0x00,
    0x00, 0x00, 0x00, 0x00, 0x00, 0x00, 0x00, 0x00, 0x05, 0x00, 0x00, 0x00, 0x08, 0x26, 0x00, 0x00,
    0x01, 0x00, 0x00, 0x00, 0x14, 0x26, 0x00, 0x00, 0xFF, 0xFF, 0x00, 0x00, 0x09, 0x04, 0x00, 0x00,
    0x00, 0x00, 0x00, 0x00, 0x00, 0x00, 0x00, 0x00, 0x07, 0x00, 0x00, 0x00, 0x00, 0x26, 0x00, 0x00,
    0x00, 0x00, 0x00, 0x00, 0x00, 0x00, 0x00, 0x00, 0xFF, 0xFF, 0x00, 0x00, 0x0D, 0x00, 0x01, 0x00,
    0x0D, 0x00, 0x00, 0x00, 0x33, 0x75, 0x00, 0x00, 0x00, 0x00, 0x00, 0x00, 0x00, 0x00, 0x00, 0x00,
    0x05, 0x00, 0x00, 0x00, 0xF4, 0x25, 0x00, 0x00, 0x00, 0x00, 0x00, 0x00, 0x00, 0x00, 0x00, 0x00,
    0xFF, 0xFF, 0x00, 0x00, 0x09, 0x04, 0x00, 0x00, 0x00, 0x00, 0x00, 0x00, 0x00, 0x00, 0x00, 0x00,
    0x07, 0x00, 0x00, 0x00, 0xE8, 0x25, 0x00, 0x00, 0x00, 0x00, 0x00, 0x00, 0x00, 0x00, 0x00, 0x00,
    0xFF, 0xFF, 0x00, 0x00, 0x0F, 0x00, 0x01, 0x00, 0x13, 0x00, 0x00, 0x00, 0x30, 0x75, 0x00, 0x00,
    0x00, 0x00, 0x00, 0x00, 0x00, 0x00, 0x00, 0x00, 0x03, 0x00, 0x00, 0x00, 0xDC, 0x25, 0x00, 0x00,
    0x00, 0x00, 0x00, 0x00, 0x00, 0x00, 0x00, 0x00, 0xFF, 0xFF, 0x00, 0x00, 0x31, 0x75, 0x00, 0x00,
    0x00, 0x00, 0x00, 0x00, 0x00, 0x00, 0x00, 0x00, 0x03, 0x00, 0x00, 0x00, 0xC8, 0x25, 0x00, 0x00,
    0x01, 0x00, 0x00, 0x00, 0xCC, 0x25, 0x00, 0x00, 0xFF, 0xFF, 0x00, 0x00, 0x30, 0x75, 0x00, 0x00,
    0x00, 0x00, 0x00, 0x00, 0x00, 0x00, 0x00, 0x00, 0x04, 0x00, 0x00, 0x00, 0xB8, 0x25, 0x00, 0x00,
    0x00, 0x00, 0x00, 0x00, 0x00, 0x00, 0x00, 0x00, 0xFF, 0xFF, 0x00, 0x00, 0x33, 0x75, 0x00, 0x00,
    0x00, 0x00, 0x00, 0x00, 0x00, 0x00, 0x00, 0x00, 0x05, 0x00, 0x00, 0x00, 0xA8, 0x25, 0x00, 0x00,
    0x00, 0x00, 0x00, 0x00, 0x00, 0x00, 0x00, 0x00, 0xFF, 0xFF, 0x00, 0x00, 0x32, 0x75, 0x00, 0x00,
    0x00, 0x00, 0x00, 0x00, 0x00, 0x00, 0x00, 0x00, 0x04, 0x00, 0x00, 0x00, 0x9C, 0x25, 0x00, 0x00,
    0x00, 0x00, 0x00, 0x00, 0x00, 0x00, 0x00, 0x00, 0xFF, 0xFF, 0x00, 0x00, 0x30, 0x75, 0x00, 0x00,
    0x00, 0x00, 0x00, 0x00, 0x00, 0x00, 0x00, 0x00, 0x04, 0x00, 0x00, 0x00, 0x8C, 0x25, 0x00, 0x00,
    0x00, 0x00, 0x00, 0x00, 0x00, 0x00, 0x00, 0x00, 0xFF, 0xFF, 0x00, 0x00, 0x30, 0x75, 0x00, 0x00,
    0x00, 0x00, 0x00, 0x00, 0x00, 0x00, 0x00, 0x00, 0x04, 0x00, 0x00, 0x00, 0x7C, 0x25, 0x00, 0x00,
    0x00, 0x00, 0x00, 0x00, 0x00, 0x00, 0x00, 0x00, 0xFF, 0xFF, 0x00, 0x00, 0x30, 0x75, 0x00, 0x00,
    0x00, 0x00, 0x00, 0x00, 0x00, 0x00, 0x00, 0x00, 0x04, 0x00, 0x00, 0x00, 0x6C, 0x25, 0x00, 0x00,
    0x00, 0x00, 0x00, 0x00, 0x00, 0x00, 0x00, 0x00, 0xFF, 0xFF, 0x00, 0x00, 0x33, 0x75, 0x00, 0x00,
    0x00, 0x00, 0x00, 0x00, 0x00, 0x00, 0x00, 0x00, 0x05, 0x00, 0x00, 0x00, 0x5C, 0x25, 0x00, 0x00,
    0x00, 0x00, 0x00, 0x00, 0x00, 0x00, 0x00, 0x00, 0xFF, 0xFF, 0x00, 0x00, 0x09, 0x04, 0x00, 0x00,
    0x00, 0x00, 0x00, 0x00, 0x00, 0x00, 0x00, 0x00, 0x08, 0x00, 0x00, 0x00, 0x50, 0x25, 0x00, 0x00,
    0x00, 0x00, 0x00, 0x00, 0x00, 0x00, 0x00, 0x00, 0xFF, 0xFF, 0x00, 0x00, 0x0C, 0x00, 0x01, 0x00,
    0x38, 0x00, 0x00, 0x00, 0x31, 0x75, 0x00, 0x00, 0x00, 0x00, 0x00, 0x00, 0x00, 0x00, 0x00, 0x00,
    0x03, 0x00, 0x00, 0x00, 0x48, 0x25, 0x00, 0x00, 0x02, 0x00, 0x00, 0x00, 0x4C, 0x25, 0x00, 0x00,
    0xFF, 0xFF, 0x00, 0x00, 0x32, 0x75, 0x00, 0x00, 0x00, 0x00, 0x00, 0x00, 0x00, 0x00, 0x00, 0x00,
    0x03, 0x00, 0x00, 0x00, 0x3C, 0x25, 0x00, 0x00, 0x00, 0x00, 0x00, 0x00, 0x00, 0x00, 0x00, 0x00,
    0xFF, 0xFF, 0x00, 0x00, 0x33, 0x75, 0x00, 0x00, 0x00, 0x00, 0x00, 0x00, 0x00, 0x00, 0x00, 0x00,
    0x04, 0x00, 0x00, 0x00, 0x28, 0x25, 0x00, 0x00, 0x00, 0x00, 0x00, 0x00, 0x00, 0x00, 0x00, 0x00,
    0xFF, 0xFF, 0x00, 0x00, 0x34, 0x75, 0x00, 0x00, 0x00, 0x00, 0x00, 0x00, 0x00, 0x00, 0x00, 0x00,
    0x04, 0x00, 0x00, 0x00, 0x18, 0x25, 0x00, 0x00, 0x02, 0x00, 0x00, 0x00, 0x20, 0x25, 0x00, 0x00,
    0xFF, 0xFF, 0x00, 0x00, 0x32, 0x75, 0x00, 0x00, 0x00, 0x00, 0x00, 0x00, 0x00, 0x00, 0x00, 0x00,
    0x03, 0x00, 0x00, 0x00, 0x10, 0x25, 0x00, 0x00, 0x00, 0x00, 0x00, 0x00, 0x00, 0x00, 0x00, 0x00,
    0xFF, 0xFF, 0x00, 0x00, 0x35, 0x75, 0x00, 0x00, 0x00, 0x00, 0x00, 0x00, 0x00, 0x00, 0x00, 0x00,
    0x04, 0x00, 0x00, 0x00, 0xFC, 0x24, 0x00, 0x00, 0x02, 0x00, 0x00, 0x00, 0x04, 0x25, 0x00, 0x00,
    0xFF, 0xFF, 0x00, 0x00, 0x30, 0x75, 0x00, 0x00, 0x00, 0x00, 0x00, 0x00, 0x00, 0x00, 0x00, 0x00,
    0x04, 0x00, 0x00, 0x00, 0xF4, 0x24, 0x00, 0x00, 0x00, 0x00, 0x00, 0x00, 0x00, 0x00, 0x00, 0x00,
    0xFF, 0xFF, 0x00, 0x00, 0x30, 0x75, 0x00, 0x00, 0x00, 0x00, 0x00, 0x00, 0x00, 0x00, 0x00, 0x00,
    0x04, 0x00, 0x00, 0x00, 0xE4, 0x24, 0x00, 0x00, 0x00, 0x00, 0x00, 0x00, 0x00, 0x00, 0x00, 0x00,
    0xFF, 0xFF, 0x00, 0x00, 0x33, 0x75, 0x00, 0x00, 0x00, 0x00, 0x00, 0x00, 0x00, 0x00, 0x00, 0x00,
    0x04, 0x00, 0x00, 0x00, 0xD4, 0x24, 0x00, 0x00, 0x00, 0x00, 0x00, 0x00, 0x00, 0x00, 0x00, 0x00,
    0xFF, 0xFF, 0x00, 0x00, 0x32, 0x75, 0x00, 0x00, 0x00, 0x00, 0x00, 0x00, 0x00, 0x00, 0x00, 0x00,
    0x04, 0x00, 0x00, 0x00, 0xC4, 0x24, 0x00, 0x00, 0x00, 0x00, 0x00, 0x00, 0x00, 0x00, 0x00, 0x00,
    0xFF, 0xFF, 0x00, 0x00, 0x33, 0x75, 0x00, 0x00, 0x00, 0x00, 0x00, 0x00, 0x00, 0x00, 0x00, 0x00,
    0x03, 0x00, 0x00, 0x00, 0xB4, 0x24, 0x00, 0x00, 0x00, 0x00, 0x00, 0x00, 0x00, 0x00, 0x00, 0x00,
    0xFF, 0xFF, 0x00, 0x00, 0x32, 0x75, 0x00, 0x00, 0x00, 0x00, 0x00, 0x00, 0x00, 0x00, 0x00, 0x00,
    0x03, 0x00, 0x00, 0x00, 0xA0, 0x24, 0x00, 0x00, 0x00, 0x00, 0x00, 0x00, 0x00, 0x00, 0x00, 0x00,
    0xFF, 0xFF, 0x00, 0x00, 0x34, 0x75, 0x00, 0x00, 0x00, 0x00, 0x00, 0x00, 0x00, 0x00, 0x00, 0x00,
    0x03, 0x00, 0x00, 0x00, 0x8C, 0x24, 0x00, 0x00, 0x01, 0x00, 0x00, 0x00, 0x90, 0x24, 0x00, 0x00,
    0xFF, 0xFF, 0x00, 0x00, 0x33, 0x75, 0x00, 0x00, 0x00, 0x00, 0x00, 0x00, 0x00, 0x00, 0x00, 0x00,
    0x04, 0x00, 0x00, 0x00, 0x7C, 0x24, 0x00, 0x00, 0x00, 0x00, 0x00, 0x00, 0x00, 0x00, 0x00, 0x00,
    0xFF, 0xFF, 0x00, 0x00, 0x34, 0x75, 0x00, 0x00, 0x00, 0x00, 0x00, 0x00, 0x00, 0x00, 0x00, 0x00,
    0x03, 0x00, 0x00, 0x00, 0x6C, 0x24, 0x00, 0x00, 0x01, 0x00, 0x00, 0x00, 0x70, 0x24, 0x00, 0x00,
    0xFF, 0xFF, 0x00, 0x00, 0x32, 0x75, 0x00, 0x00, 0x00, 0x00, 0x00, 0x00, 0x00, 0x00, 0x00, 0x00,
    0x04, 0x00, 0x00, 0x00, 0x5C, 0x24, 0x00, 0x00, 0x00, 0x00, 0x00, 0x00, 0x00, 0x00, 0x00, 0x00,
    0xFF, 0xFF, 0x00, 0x00, 0x32, 0x75, 0x00, 0x00, 0x00, 0x00, 0x00, 0x00, 0x00, 0x00, 0x00, 0x00,
    0x03, 0x00, 0x00, 0x00, 0x4C, 0x24, 0x00, 0x00, 0x00, 0x00, 0x00, 0x00, 0x00, 0x00, 0x00, 0x00,
    0xFF, 0xFF, 0x00, 0x00, 0x33, 0x75, 0x00, 0x00, 0x00, 0x00, 0x00, 0x00, 0x00, 0x00, 0x00, 0x00,
    0x04, 0x00, 0x00, 0x00, 0x38, 0x24, 0x00, 0x00, 0x00, 0x00, 0x00, 0x00, 0x00, 0x00, 0x00, 0x00,
    0xFF, 0xFF, 0x00, 0x00, 0x34, 0x75, 0x00, 0x00, 0x00, 0x00, 0x00, 0x00, 0x00, 0x00, 0x00, 0x00,
    0x03, 0x00, 0x00, 0x00, 0x28, 0x24, 0x00, 0x00, 0x01, 0x00, 0x00, 0x00, 0x2C, 0x24, 0x00, 0x00,
    0xFF, 0xFF, 0x00, 0x00, 0x34, 0x75, 0x00, 0x00, 0x00, 0x00, 0x00, 0x00, 0x00, 0x00, 0x00, 0x00,
    0x03, 0x00, 0x00, 0x00, 0x18, 0x24, 0x00, 0x00, 0x01, 0x00, 0x00, 0x00, 0x1C, 0x24, 0x00, 0x00,
    0xFF, 0xFF, 0x00, 0x00, 0x30, 0x75, 0x00, 0x00, 0x00, 0x00, 0x00, 0x00, 0x00, 0x00, 0x00, 0x00,
    0x03, 0x00, 0x00, 0x00, 0x08, 0x24, 0x00, 0x00, 0x00, 0x00, 0x00, 0x00, 0x00, 0x00, 0x00, 0x00,
    0xFF, 0xFF, 0x00, 0x00, 0x32, 0x75, 0x00, 0x00, 0x00, 0x00, 0x00, 0x00, 0x00, 0x00, 0x00, 0x00,
    0x04, 0x00, 0x00, 0x00, 0xF4, 0x23, 0x00, 0x00, 0x00, 0x00, 0x00, 0x00, 0x00, 0x00, 0x00, 0x00,
    0xFF, 0xFF, 0x00, 0x00, 0x33, 0x75, 0x00, 0x00, 0x00, 0x00, 0x00, 0x00, 0x00, 0x00, 0x00, 0x00,
    0x04, 0x00, 0x00, 0x00, 0xE4, 0x23, 0x00, 0x00, 0x00, 0x00, 0x00, 0x00, 0x00, 0x00, 0x00, 0x00,
    0xFF, 0xFF, 0x00, 0x00, 0x30, 0x75, 0x00, 0x00, 0x00, 0x00, 0x00, 0x00, 0x00, 0x00, 0x00, 0x00,
    0x03, 0x00, 0x00, 0x00, 0xD4, 0x23, 0x00, 0x00, 0x00, 0x00, 0x00, 0x00, 0x00, 0x00, 0x00, 0x00,
    0xFF, 0xFF, 0x00, 0x00, 0x34, 0x75, 0x00, 0x00, 0x00, 0x00, 0x00, 0x00, 0x00, 0x00, 0x00, 0x00,
    0x03, 0x00, 0x00, 0x00, 0xC0, 0x23, 0x00, 0x00, 0x01, 0x00, 0x00, 0x00, 0xC4, 0x23, 0x00, 0x00,
    0xFF, 0xFF, 0x00, 0x00, 0x34, 0x75, 0x00, 0x00, 0x00, 0x00, 0x00, 0x00, 0x00, 0x00, 0x00, 0x00,
    0x03, 0x00, 0x00, 0x00, 0xB0, 0x23, 0x00, 0x00, 0x01, 0x00, 0x00, 0x00, 0xB4, 0x23, 0x00, 0x00,
    0xFF, 0xFF, 0x00, 0x00, 0x32, 0x75, 0x00, 0x00, 0x00, 0x00, 0x00, 0x00, 0x00, 0x00, 0x00, 0x00,
    0x04, 0x00, 0x00, 0x00, 0xA0, 0x23, 0x00, 0x00, 0x00, 0x00, 0x00, 0x00, 0x00, 0x00, 0x00, 0x00,
    0xFF, 0xFF, 0x00, 0x00, 0x33, 0x75, 0x00, 0x00, 0x00, 0x00, 0x00, 0x00, 0x00, 0x00, 0x00, 0x00,
    0x04, 0x00, 0x00, 0x00, 0x90, 0x23, 0x00, 0x00, 0x00, 0x00, 0x00, 0x00, 0x00, 0x00, 0x00, 0x00,
    0xFF, 0xFF, 0x00, 0x00, 0x30, 0x75, 0x00, 0x00, 0x00, 0x00, 0x00, 0x00, 0x00, 0x00, 0x00, 0x00,
    0x03, 0x00, 0x00, 0x00, 0x80, 0x23, 0x00, 0x00, 0x00, 0x00, 0x00, 0x00, 0x00, 0x00, 0x00, 0x00,
    0xFF, 0xFF, 0x00, 0x00, 0x34, 0x75, 0x00, 0x00, 0x00, 0x00, 0x00, 0x00, 0x00, 0x00, 0x00, 0x00,
    0x03, 0x00, 0x00, 0x00, 0x6C, 0x23, 0x00, 0x00, 0x01, 0x00, 0x00, 0x00, 0x70, 0x23, 0x00, 0x00,
    0xFF, 0xFF, 0x00, 0x00, 0x34, 0x75, 0x00, 0x00, 0x00, 0x00, 0x00, 0x00, 0x00, 0x00, 0x00, 0x00,
    0x03, 0x00, 0x00, 0x00, 0x5C, 0x23, 0x00, 0x00, 0x01, 0x00, 0x00, 0x00, 0x60, 0x23, 0x00, 0x00,
    0xFF, 0xFF, 0x00, 0x00, 0x34, 0x75, 0x00, 0x00, 0x00, 0x00, 0x00, 0x00, 0x00, 0x00, 0x00, 0x00,
    0x03, 0x00, 0x00, 0x00, 0x4C, 0x23, 0x00, 0x00, 0x01, 0x00, 0x00, 0x00, 0x50, 0x23, 0x00, 0x00,
    0xFF, 0xFF, 0x00, 0x00, 0x32, 0x75, 0x00, 0x00, 0x00, 0x00, 0x00, 0x00, 0x00, 0x00, 0x00, 0x00,
    0x04, 0x00, 0x00, 0x00, 0x3C, 0x23, 0x00, 0x00, 0x00, 0x00, 0x00, 0x00, 0x00, 0x00, 0x00, 0x00,
    0xFF, 0xFF, 0x00, 0x00, 0x34, 0x75, 0x00, 0x00, 0x00, 0x00, 0x00, 0x00, 0x00, 0x00, 0x00, 0x00,
    0x04, 0x00, 0x00, 0x00, 0x2C, 0x23, 0x00, 0x00, 0x01, 0x00, 0x00, 0x00, 0x34, 0x23, 0x00, 0x00,
    0xFF, 0xFF, 0x00, 0x00, 0x34, 0x75, 0x00, 0x00, 0x00, 0x00, 0x00, 0x00, 0x00, 0x00, 0x00, 0x00,
    0x03, 0x00, 0x00, 0x00, 0x20, 0x23, 0x00, 0x00, 0x01, 0x00, 0x00, 0x00, 0x24, 0x23, 0x00, 0x00,
    0xFF, 0xFF, 0x00, 0x00, 0x34, 0x75, 0x00, 0x00, 0x00, 0x00, 0x00, 0x00, 0x00, 0x00, 0x00, 0x00,
    0x04, 0x00, 0x00, 0x00, 0x10, 0x23, 0x00, 0x00, 0x01, 0x00, 0x00, 0x00, 0x18, 0x23, 0x00, 0x00,
    0xFF, 0xFF, 0x00, 0x00, 0x09, 0x04, 0x00, 0x00, 0x00, 0x00, 0x00, 0x00, 0x00, 0x00, 0x00, 0x00,
    0x08, 0x00, 0x00, 0x00, 0x04, 0x23, 0x00, 0x00, 0x00, 0x00, 0x00, 0x00, 0x00, 0x00, 0x00, 0x00,
    0xFF, 0xFF, 0x00, 0x00, 0x0C, 0x00, 0x01, 0x00, 0x46, 0x00, 0x00, 0x00, 0x31, 0x75, 0x00, 0x00,
    0x00, 0x00, 0x00, 0x00, 0x00, 0x00, 0x00, 0x00, 0x03, 0x00, 0x00, 0x00, 0xFC, 0x22, 0x00, 0x00,
    0x02, 0x00, 0x00, 0x00, 0x00, 0x23, 0x00, 0x00, 0xFF, 0xFF, 0x00, 0x00, 0x32, 0x75, 0x00, 0x00,
    0x00, 0x00, 0x00, 0x00, 0x00, 0x00, 0x00, 0x00, 0x03, 0x00, 0x00, 0x00, 0xF0, 0x22, 0x00, 0x00,
    0x00, 0x00, 0x00, 0x00, 0x00, 0x00, 0x00, 0x00, 0xFF, 0xFF, 0x00, 0x00, 0x33, 0x75, 0x00, 0x00,
    0x00, 0x00, 0x00, 0x00, 0x00, 0x00, 0x00, 0x00, 0x05, 0x00, 0x00, 0x00, 0xDC, 0x22, 0x00, 0x00,
    0x00, 0x00, 0x00, 0x00, 0x00, 0x00, 0x00, 0x00, 0xFF, 0xFF, 0x00, 0x00, 0x33, 0x75, 0x00, 0x00,
    0x00, 0x00, 0x00, 0x00, 0x00, 0x00, 0x00, 0x00, 0x05, 0x00, 0x00, 0x00, 0xD0, 0x22, 0x00, 0x00,
    0x00, 0x00, 0x00, 0x00, 0x00, 0x00, 0x00, 0x00, 0xFF, 0xFF, 0x00, 0x00, 0x33, 0x75, 0x00, 0x00,
    0x00, 0x00, 0x00, 0x00, 0x00, 0x00, 0x00, 0x00, 0x04, 0x00, 0x00, 0x00, 0xC4, 0x22, 0x00, 0x00,
    0x00, 0x00, 0x00, 0x00, 0x00, 0x00, 0x00, 0x00, 0xFF, 0xFF, 0x00, 0x00, 0x30, 0x75, 0x00, 0x00,
    0x00, 0x00, 0x00, 0x00, 0x00, 0x00, 0x00, 0x00, 0x03, 0x00, 0x00, 0x00, 0xB4, 0x22, 0x00, 0x00,
    0x00, 0x00, 0x00, 0x00, 0x00, 0x00, 0x00, 0x00, 0xFF, 0xFF, 0x00, 0x00, 0x30, 0x75, 0x00, 0x00,
    0x00, 0x00, 0x00, 0x00, 0x00, 0x00, 0x00, 0x00, 0x04, 0x00, 0x00, 0x00, 0xA0, 0x22, 0x00, 0x00,
    0x00, 0x00, 0x00, 0x00, 0x00, 0x00, 0x00, 0x00, 0xFF, 0xFF, 0x00, 0x00, 0x30, 0x75, 0x00, 0x00,
    0x00, 0x00, 0x00, 0x00, 0x00, 0x00, 0x00, 0x00, 0x04, 0x00, 0x00, 0x00, 0x90, 0x22, 0x00, 0x00,
    0x00, 0x00, 0x00, 0x00, 0x00, 0x00, 0x00, 0x00, 0xFF, 0xFF, 0x00, 0x00, 0x34, 0x75, 0x00, 0x00,
    0x00, 0x00, 0x00, 0x00, 0x00, 0x00, 0x00, 0x00, 0x04, 0x00, 0x00, 0x00, 0x80, 0x22, 0x00, 0x00,
    0x01, 0x00, 0x00, 0x00, 0x88, 0x22, 0x00, 0x00, 0xFF, 0xFF, 0x00, 0x00, 0x34, 0x75, 0x00, 0x00,
    0x00, 0x00, 0x00, 0x00, 0x00, 0x00, 0x00, 0x00, 0x04, 0x00, 0x00, 0x00, 0x74, 0x22, 0x00, 0x00,
    0x01, 0x00, 0x00, 0x00, 0x7C, 0x22, 0x00, 0x00, 0xFF, 0xFF, 0x00, 0x00, 0x33, 0x75, 0x00, 0x00,
    0x00, 0x00, 0x00, 0x00, 0x00, 0x00, 0x00, 0x00, 0x04, 0x00, 0x00, 0x00, 0x68, 0x22, 0x00, 0x00,
    0x00, 0x00, 0x00, 0x00, 0x00, 0x00, 0x00, 0x00, 0xFF, 0xFF, 0x00, 0x00, 0x33, 0x75, 0x00, 0x00,
    0x00, 0x00, 0x00, 0x00, 0x00, 0x00, 0x00, 0x00, 0x04, 0x00, 0x00, 0x00, 0x58, 0x22, 0x00, 0x00,
    0x00, 0x00, 0x00, 0x00, 0x00, 0x00, 0x00, 0x00, 0xFF, 0xFF, 0x00, 0x00, 0x33, 0x75, 0x00, 0x00,
    0x00, 0x00, 0x00, 0x00, 0x00, 0x00, 0x00, 0x00, 0x04, 0x00, 0x00, 0x00, 0x48, 0x22, 0x00, 0x00,
    0x00, 0x00, 0x00, 0x00, 0x00, 0x00, 0x00, 0x00, 0xFF, 0xFF, 0x00, 0x00, 0x32, 0x75, 0x00, 0x00,
    0x00, 0x00, 0x00, 0x00, 0x00, 0x00, 0x00, 0x00, 0x04, 0x00, 0x00, 0x00, 0x38, 0x22, 0x00, 0x00,
    0x00, 0x00, 0x00, 0x00, 0x00, 0x00, 0x00, 0x00, 0xFF, 0xFF, 0x00, 0x00, 0x36, 0x75, 0x00, 0x00,
    0x00, 0x00, 0x00, 0x00, 0x00, 0x00, 0x00, 0x00, 0x04, 0x00, 0x00, 0x00, 0x28, 0x22, 0x00, 0x00,
    0x00, 0x00, 0x00, 0x00, 0x00, 0x00, 0x00, 0x00, 0xFF, 0xFF, 0x00, 0x00, 0x33, 0x75, 0x00, 0x00,
    0x00, 0x00, 0x00, 0x00, 0x00, 0x00, 0x00, 0x00, 0x05, 0x00, 0x00, 0x00, 0x18, 0x22, 0x00, 0x00,
    0x00, 0x00, 0x00, 0x00, 0x00, 0x00, 0x00, 0x00, 0xFF, 0xFF, 0x00, 0x00, 0x33, 0x75, 0x00, 0x00,
    0x00, 0x00, 0x00, 0x00, 0x00, 0x00, 0x00, 0x00, 0x05, 0x00, 0x00, 0x00, 0x0C, 0x22, 0x00, 0x00,
    0x00, 0x00, 0x00, 0x00, 0x00, 0x00, 0x00, 0x00, 0xFF, 0xFF, 0x00, 0x00, 0x09, 0x04, 0x00, 0x00,
    0x00, 0x00, 0x00, 0x00, 0x00, 0x00, 0x00, 0x00, 0x08, 0x00, 0x00, 0x00, 0x00, 0x22, 0x00, 0x00,
    0x00, 0x00, 0x00, 0x00, 0x00, 0x00, 0x00, 0x00, 0xFF, 0xFF, 0x00, 0x00, 0x0C, 0x00, 0x01, 0x00,
    0x54, 0x00, 0x00, 0x00, 0x31, 0x75, 0x00, 0x00, 0x00, 0x00, 0x00, 0x00, 0x00, 0x00, 0x00, 0x00,
    0x03, 0x00, 0x00, 0x00, 0xF8, 0x21, 0x00, 0x00, 0x01, 0x00, 0x00, 0x00, 0xFC, 0x21, 0x00, 0x00,
    0xFF, 0xFF, 0x00, 0x00, 0x32, 0x75, 0x00, 0x00, 0x00, 0x00, 0x00, 0x00, 0x00, 0x00, 0x00, 0x00,
    0x03, 0x00, 0x00, 0x00, 0xE8, 0x21, 0x00, 0x00, 0x00, 0x00, 0x00, 0x00, 0x00, 0x00, 0x00, 0x00,
    0xFF, 0xFF, 0x00, 0x00, 0x37, 0x75, 0x00, 0x00, 0x00, 0x00, 0x00, 0x00, 0x00, 0x00, 0x00, 0x00,
    0x03, 0x00, 0x00, 0x00, 0xD4, 0x21, 0x00, 0x00, 0x01, 0x00, 0x00, 0x00, 0xD8, 0x21, 0x00, 0x00,
    0xFF, 0xFF, 0x00, 0x00, 0x37, 0x75, 0x00, 0x00, 0x00, 0x00, 0x00, 0x00, 0x00, 0x00, 0x00, 0x00,
    0x03, 0x00, 0x00, 0x00, 0xC4, 0x21, 0x00, 0x00, 0x01, 0x00, 0x00, 0x00, 0xC8, 0x21, 0x00, 0x00,
    0xFF, 0xFF, 0x00, 0x00, 0x37, 0x75, 0x00, 0x00, 0x00, 0x00, 0x00, 0x00, 0x00, 0x00, 0x00, 0x00,
    0x03, 0x00, 0x00, 0x00, 0xB4, 0x21, 0x00, 0x00, 0x01, 0x00, 0x00, 0x00, 0xB8, 0x21, 0x00, 0x00,
    0xFF, 0xFF, 0x00, 0x00, 0x37, 0x75, 0x00, 0x00, 0x00, 0x00, 0x00, 0x00, 0x00, 0x00, 0x00, 0x00,
    0x04, 0x00, 0x00, 0x00, 0xA4, 0x21, 0x00, 0x00, 0x01, 0x00, 0x00, 0x00, 0xAC, 0x21, 0x00, 0x00,
    0xFF, 0xFF, 0x00, 0x00, 0x09, 0x04, 0x00, 0x00, 0x00, 0x00, 0x00, 0x00, 0x00, 0x00, 0x00, 0x00,
    0x08, 0x00, 0x00, 0x00, 0x98, 0x21, 0x00, 0x00, 0x00, 0x00, 0x00, 0x00, 0x00, 0x00, 0x00, 0x00,
    0xFF, 0xFF, 0x00, 0x00, 0x0C, 0x00, 0x01, 0x00, 0x62, 0x00, 0x00, 0x00, 0x31, 0x75, 0x00, 0x00,
    0x00, 0x00, 0x00, 0x00, 0x00, 0x00, 0x00, 0x00, 0x03, 0x00, 0x00, 0x00, 0x90, 0x21, 0x00, 0x00,
    0x01, 0x00, 0x00, 0x00, 0x94, 0x21, 0x00, 0x00, 0xFF, 0xFF, 0x00, 0x00, 0x32, 0x75, 0x00, 0x00,
    0x00, 0x00, 0x00, 0x00, 0x00, 0x00, 0x00, 0x00, 0x03, 0x00, 0x00, 0x00, 0x80, 0x21, 0x00, 0x00,
    0x00, 0x00, 0x00, 0x00, 0x00, 0x00, 0x00, 0x00, 0xFF, 0xFF, 0x00, 0x00, 0x37, 0x75, 0x00, 0x00,
    0x00, 0x00, 0x00, 0x00, 0x00, 0x00, 0x00, 0x00, 0x03, 0x00, 0x00, 0x00, 0x6C, 0x21, 0x00, 0x00,
    0x01, 0x00, 0x00, 0x00, 0x70, 0x21, 0x00, 0x00, 0xFF, 0xFF, 0x00, 0x00, 0x37, 0x75, 0x00, 0x00,
    0x00, 0x00, 0x00, 0x00, 0x00, 0x00, 0x00, 0x00, 0x03, 0x00, 0x00, 0x00, 0x5C, 0x21, 0x00, 0x00,
    0x01, 0x00, 0x00, 0x00, 0x60, 0x21, 0x00, 0x00, 0xFF, 0xFF, 0x00, 0x00, 0x37, 0x75, 0x00, 0x00,
    0x00, 0x00, 0x00, 0x00, 0x00, 0x00, 0x00, 0x00, 0x03, 0x00, 0x00, 0x00, 0x4C, 0x21, 0x00, 0x00,
    0x01, 0x00, 0x00, 0x00, 0x50, 0x21, 0x00, 0x00, 0xFF, 0xFF, 0x00, 0x00, 0x37, 0x75, 0x00, 0x00,
    0x00, 0x00, 0x00, 0x00, 0x00, 0x00, 0x00, 0x00, 0x04, 0x00, 0x00, 0x00, 0x3C, 0x21, 0x00, 0x00,
    0x01, 0x00, 0x00, 0x00, 0x44, 0x21, 0x00, 0x00, 0xFF, 0xFF, 0x00, 0x00, 0x37, 0x75, 0x00, 0x00,
    0x00, 0x00, 0x00, 0x00, 0x00, 0x00, 0x00, 0x00, 0x03, 0x00, 0x00, 0x00, 0x30, 0x21, 0x00, 0x00,
    0x01, 0x00, 0x00, 0x00, 0x34, 0x21, 0x00, 0x00, 0xFF, 0xFF, 0x00, 0x00, 0x32, 0x75, 0x00, 0x00,
    0x00, 0x00, 0x00, 0x00, 0x00, 0x00, 0x00, 0x00, 0x03, 0x00, 0x00, 0x00, 0x20, 0x21, 0x00, 0x00,
    0x00, 0x00, 0x00, 0x00, 0x00, 0x00, 0x00, 0x00, 0xFF, 0xFF, 0x00, 0x00, 0x30, 0x75, 0x00, 0x00,
    0x00, 0x00, 0x00, 0x00, 0x00, 0x00, 0x00, 0x00, 0x04, 0x00, 0x00, 0x00, 0x0C, 0x21, 0x00, 0x00,
    0x00, 0x00, 0x00, 0x00, 0x00, 0x00, 0x00, 0x00, 0xFF, 0xFF, 0x00, 0x00, 0x30, 0x75, 0x00, 0x00,
    0x00, 0x00, 0x00, 0x00, 0x00, 0x00, 0x00, 0x00, 0x04, 0x00, 0x00, 0x00, 0xFC, 0x20, 0x00, 0x00,
    0x00, 0x00, 0x00, 0x00, 0x00, 0x00, 0x00, 0x00, 0xFF, 0xFF, 0x00, 0x00, 0x30, 0x75, 0x00, 0x00,
    0x00, 0x00, 0x00, 0x00, 0x00, 0x00, 0x00, 0x00, 0x04, 0x00, 0x00, 0x00, 0xEC, 0x20, 0x00, 0x00,
    0x00, 0x00, 0x00, 0x00, 0x00, 0x00, 0x00, 0x00, 0xFF, 0xFF, 0x00, 0x00, 0x30, 0x75, 0x00, 0x00,
    0x00, 0x00, 0x00, 0x00, 0x00, 0x00, 0x00, 0x00, 0x03, 0x00, 0x00, 0x00, 0xDC, 0x20, 0x00, 0x00,
    0x01, 0x00, 0x00, 0x00, 0xE0, 0x20, 0x00, 0x00, 0xFF, 0xFF, 0x00, 0x00, 0x30, 0x75, 0x00, 0x00,
    0x00, 0x00, 0x00, 0x00, 0x00, 0x00, 0x00, 0x00, 0x03, 0x00, 0x00, 0x00, 0xCC, 0x20, 0x00, 0x00,
    0x01, 0x00, 0x00, 0x00, 0xD0, 0x20, 0x00, 0x00, 0xFF, 0xFF, 0x00, 0x00, 0x33, 0x75, 0x00, 0x00,
    0x00, 0x00, 0x00, 0x00, 0x00, 0x00, 0x00, 0x00, 0x04, 0x00, 0x00, 0x00, 0xBC, 0x20, 0x00, 0x00,
    0x00, 0x00, 0x00, 0x00, 0x00, 0x00, 0x00, 0x00, 0xFF, 0xFF, 0x00, 0x00, 0x09, 0x04, 0x00, 0x00,
    0x00, 0x00, 0x00, 0x00, 0x00, 0x00, 0x00, 0x00, 0x08, 0x00, 0x00, 0x00, 0xAC, 0x20, 0x00, 0x00,
    0x00, 0x00, 0x00, 0x00, 0x00, 0x00, 0x00, 0x00, 0xFF, 0xFF, 0x00, 0x00, 0x0C, 0x00, 0x01, 0x00,
    0x70, 0x00, 0x00, 0x00, 0x31, 0x75, 0x00, 0x00, 0x00, 0x00, 0x00, 0x00, 0x00, 0x00, 0x00, 0x00,
    0x03, 0x00, 0x00, 0x00, 0xA4, 0x20, 0x00, 0x00, 0x02, 0x00, 0x00, 0x00, 0xA8, 0x20, 0x00, 0x00,
    0xFF, 0xFF, 0x00, 0x00, 0x32, 0x75, 0x00, 0x00, 0x00, 0x00, 0x00, 0x00, 0x00, 0x00, 0x00, 0x00,
    0x03, 0x00, 0x00, 0x00, 0x98, 0x20, 0x00, 0x00, 0x00, 0x00, 0x00, 0x00, 0x00, 0x00, 0x00, 0x00,
    0xFF, 0xFF, 0x00, 0x00, 0x33, 0x75, 0x00, 0x00, 0x00, 0x00, 0x00, 0x00, 0x00, 0x00, 0x00, 0x00,
    0x03, 0x00, 0x00, 0x00, 0x84, 0x20, 0x00, 0x00, 0x00, 0x00, 0x00, 0x00, 0x00, 0x00, 0x00, 0x00,
    0xFF, 0xFF, 0x00, 0x00, 0x30, 0x75, 0x00, 0x00, 0x00, 0x00, 0x00, 0x00, 0x00, 0x00, 0x00, 0x00,
    0x03, 0x00, 0x00, 0x00, 0x70, 0x20, 0x00, 0x00, 0x00, 0x00, 0x00, 0x00, 0x00, 0x00, 0x00, 0x00,
    0xFF, 0xFF, 0x00, 0x00, 0x32, 0x75, 0x00, 0x00, 0x00, 0x00, 0x00, 0x00, 0x00, 0x00, 0x00, 0x00,
    0x03, 0x00, 0x00, 0x00, 0x5C, 0x20, 0x00, 0x00, 0x00, 0x00, 0x00, 0x00, 0x00, 0x00, 0x00, 0x00,
    0xFF, 0xFF, 0x00, 0x00, 0x33, 0x75, 0x00, 0x00, 0x00, 0x00, 0x00, 0x00, 0x00, 0x00, 0x00, 0x00,
    0x04, 0x00, 0x00, 0x00, 0x48, 0x20, 0x00, 0x00, 0x00, 0x00, 0x00, 0x00, 0x00, 0x00, 0x00, 0x00,
    0xFF, 0xFF, 0x00, 0x00, 0x34, 0x75, 0x00, 0x00, 0x00, 0x00, 0x00, 0x00, 0x00, 0x00, 0x00, 0x00,
    0x03, 0x00, 0x00, 0x00, 0x38, 0x20, 0x00, 0x00, 0x01, 0x00, 0x00, 0x00, 0x3C, 0x20, 0x00, 0x00,
    0xFF, 0xFF, 0x00, 0x00, 0x34, 0x75, 0x00, 0x00, 0x00, 0x00, 0x00, 0x00, 0x00, 0x00, 0x00, 0x00,
    0x03, 0x00, 0x00, 0x00, 0x28, 0x20, 0x00, 0x00, 0x01, 0x00, 0x00, 0x00, 0x2C, 0x20, 0x00, 0x00,
    0xFF, 0xFF, 0x00, 0x00, 0x30, 0x75, 0x00, 0x00, 0x00, 0x00, 0x00, 0x00, 0x00, 0x00, 0x00, 0x00,
    0x04, 0x00, 0x00, 0x00, 0x18, 0x20, 0x00, 0x00, 0x00, 0x00, 0x00, 0x00, 0x00, 0x00, 0x00, 0x00,
    0xFF, 0xFF, 0x00, 0x00, 0x09, 0x04, 0x00, 0x00, 0x00, 0x00, 0x00, 0x00, 0x00, 0x00, 0x00, 0x00,
    0x08, 0x00, 0x00, 0x00, 0x08, 0x20, 0x00, 0x00, 0x00, 0x00, 0x00, 0x00, 0x00, 0x00, 0x00, 0x00,
    0xFF, 0xFF, 0x00, 0x00, 0x0C, 0x00, 0x01, 0x00, 0x7E, 0x00, 0x00, 0x00, 0x31, 0x75, 0x00, 0x00,
    0x00, 0x00, 0x00, 0x00, 0x00, 0x00, 0x00, 0x00, 0x03, 0x00, 0x00, 0x00, 0x00, 0x20, 0x00, 0x00,
    0x02, 0x00, 0x00, 0x00, 0x04, 0x20, 0x00, 0x00, 0xFF, 0xFF, 0x00, 0x00, 0x32, 0x75, 0x00, 0x00,
    0x00, 0x00, 0x00, 0x00, 0x00, 0x00, 0x00, 0x00, 0x03, 0x00, 0x00, 0x00, 0xF4, 0x1F, 0x00, 0x00,
    0x00, 0x00, 0x00, 0x00, 0x00, 0x00, 0x00, 0x00, 0xFF, 0xFF, 0x00, 0x00, 0x33, 0x75, 0x00, 0x00,
    0x00, 0x00, 0x00, 0x00, 0x00, 0x00, 0x00, 0x00, 0x03, 0x00, 0x00, 0x00, 0xE0, 0x1F, 0x00, 0x00,
    0x00, 0x00, 0x00, 0x00, 0x00, 0x00, 0x00, 0x00, 0xFF, 0xFF, 0x00, 0x00, 0x32, 0x75, 0x00, 0x00,
    0x00, 0x00, 0x00, 0x00, 0x00, 0x00, 0x00, 0x00, 0x03, 0x00, 0x00, 0x00, 0xCC, 0x1F, 0x00, 0x00,
    0x00, 0x00, 0x00, 0x00, 0x00, 0x00, 0x00, 0x00, 0xFF, 0xFF, 0x00, 0x00, 0x34, 0x75, 0x00, 0x00,
    0x00, 0x00, 0x00, 0x00, 0x00, 0x00, 0x00, 0x00, 0x03, 0x00, 0x00, 0x00, 0xB8, 0x1F, 0x00, 0x00,
    0x01, 0x00, 0x00, 0x00, 0xBC, 0x1F, 0x00, 0x00, 0xFF, 0xFF, 0x00, 0x00, 0x33, 0x75, 0x00, 0x00,
    0x00, 0x00, 0x00, 0x00, 0x00, 0x00, 0x00, 0x00, 0x04, 0x00, 0x00, 0x00, 0xA8, 0x1F, 0x00, 0x00,
    0x00, 0x00, 0x00, 0x00, 0x00, 0x00, 0x00, 0x00, 0xFF, 0xFF, 0x00, 0x00, 0x30, 0x75, 0x00, 0x00,
    0x00, 0x00, 0x00, 0x00, 0x00, 0x00, 0x00, 0x00, 0x03, 0x00, 0x00, 0x00, 0x98, 0x1F, 0x00, 0x00,
    0x00, 0x00, 0x00, 0x00, 0x00, 0x00, 0x00, 0x00, 0xFF, 0xFF, 0x00, 0x00, 0x34, 0x75, 0x00, 0x00,
    0x00, 0x00, 0x00, 0x00, 0x00, 0x00, 0x00, 0x00, 0x03, 0x00, 0x00, 0x00, 0x84, 0x1F, 0x00, 0x00,
    0x01, 0x00, 0x00, 0x00, 0x88, 0x1F, 0x00, 0x00, 0xFF, 0xFF, 0x00, 0x00, 0x34, 0x75, 0x00, 0x00,
    0x00, 0x00, 0x00, 0x00, 0x00, 0x00, 0x00, 0x00, 0x04, 0x00, 0x00, 0x00, 0x74, 0x1F, 0x00, 0x00,
    0x01, 0x00, 0x00, 0x00, 0x7C, 0x1F, 0x00, 0x00, 0xFF, 0xFF, 0x00, 0x00, 0x09, 0x04, 0x00, 0x00,
    0x00, 0x00, 0x00, 0x00, 0x00, 0x00, 0x00, 0x00, 0x08, 0x00, 0x00, 0x00, 0x68, 0x1F, 0x00, 0x00,
    0x00, 0x00, 0x00, 0x00, 0x00, 0x00, 0x00, 0x00, 0xFF, 0xFF, 0x00, 0x00, 0x0C, 0x00, 0x01, 0x00,
    0x8C, 0x00, 0x00, 0x00, 0x31, 0x75, 0x00, 0x00, 0x00, 0x00, 0x00, 0x00, 0x00, 0x00, 0x00, 0x00,
    0x03, 0x00, 0x00, 0x00, 0x60, 0x1F, 0x00, 0x00, 0x02, 0x00, 0x00, 0x00, 0x64, 0x1F, 0x00, 0x00,
    0xFF, 0xFF, 0x00, 0x00, 0x32, 0x75, 0x00, 0x00, 0x00, 0x00, 0x00, 0x00, 0x00, 0x00, 0x00, 0x00,
    0x03, 0x00, 0x00, 0x00, 0x54, 0x1F, 0x00, 0x00, 0x00, 0x00, 0x00, 0x00, 0x00, 0x00, 0x00, 0x00,
    0xFF, 0xFF, 0x00, 0x00, 0x33, 0x75, 0x00, 0x00, 0x00, 0x00, 0x00, 0x00, 0x00, 0x00, 0x00, 0x00,
    0x04, 0x00, 0x00, 0x00, 0x40, 0x1F, 0x00, 0x00, 0x00, 0x00, 0x00, 0x00, 0x00, 0x00, 0x00, 0x00,
    0xFF, 0xFF, 0x00, 0x00, 0x32, 0x75, 0x00, 0x00, 0x00, 0x00, 0x00, 0x00, 0x00, 0x00, 0x00, 0x00,
    0x03, 0x00, 0x00, 0x00, 0x30, 0x1F, 0x00, 0x00, 0x00, 0x00, 0x00, 0x00, 0x00, 0x00, 0x00, 0x00,
    0xFF, 0xFF, 0x00, 0x00, 0x33, 0x75, 0x00, 0x00, 0x00, 0x00, 0x00, 0x00, 0x00, 0x00, 0x00, 0x00,
    0x04, 0x00, 0x00, 0x00, 0x1C, 0x1F, 0x00, 0x00, 0x00, 0x00, 0x00, 0x00, 0x00, 0x00, 0x00, 0x00,
    0xFF, 0xFF, 0x00, 0x00, 0x32, 0x75, 0x00, 0x00, 0x00, 0x00, 0x00, 0x00, 0x00, 0x00, 0x00, 0x00,
    0x03, 0x00, 0x00, 0x00, 0x0C, 0x1F, 0x00, 0x00, 0x00, 0x00, 0x00, 0x00, 0x00, 0x00, 0x00, 0x00,
    0xFF, 0xFF, 0x00, 0x00, 0x32, 0x75, 0x00, 0x00, 0x00, 0x00, 0x00, 0x00, 0x00, 0x00, 0x00, 0x00,
    0x03, 0x00, 0x00, 0x00, 0xF8, 0x1E, 0x00, 0x00, 0x00, 0x00, 0x00, 0x00, 0x00, 0x00, 0x00, 0x00,
    0xFF, 0xFF, 0x00, 0x00, 0x30, 0x75, 0x00, 0x00, 0x00, 0x00, 0x00, 0x00, 0x00, 0x00, 0x00, 0x00,
    0x03, 0x00, 0x00, 0x00, 0xE4, 0x1E, 0x00, 0x00, 0x00, 0x00, 0x00, 0x00, 0x00, 0x00, 0x00, 0x00,
    0xFF, 0xFF, 0x00, 0x00, 0x33, 0x75, 0x00, 0x00, 0x00, 0x00, 0x00, 0x00, 0x00, 0x00, 0x00, 0x00,
    0x04, 0x00, 0x00, 0x00, 0xD0, 0x1E, 0x00, 0x00, 0x00, 0x00, 0x00, 0x00, 0x00, 0x00, 0x00, 0x00,
    0xFF, 0xFF, 0x00, 0x00, 0x32, 0x75, 0x00, 0x00, 0x00, 0x00, 0x00, 0x00, 0x00, 0x00, 0x00, 0x00,
    0x03, 0x00, 0x00, 0x00, 0xC0, 0x1E, 0x00, 0x00, 0x00, 0x00, 0x00, 0x00, 0x00, 0x00, 0x00, 0x00,
    0xFF, 0xFF, 0x00, 0x00, 0x30, 0x75, 0x00, 0x00, 0x00, 0x00, 0x00, 0x00, 0x00, 0x00, 0x00, 0x00,
    0x04, 0x00, 0x00, 0x00, 0xAC, 0x1E, 0x00, 0x00, 0x00, 0x00, 0x00, 0x00, 0x00, 0x00, 0x00, 0x00,
    0xFF, 0xFF, 0x00, 0x00, 0x30, 0x75, 0x00, 0x00, 0x00, 0x00, 0x00, 0x00, 0x00, 0x00, 0x00, 0x00,
    0x04, 0x00, 0x00, 0x00, 0x9C, 0x1E, 0x00, 0x00, 0x00, 0x00, 0x00, 0x00, 0x00, 0x00, 0x00, 0x00,
    0xFF, 0xFF, 0x00, 0x00, 0x33, 0x75, 0x00, 0x00, 0x00, 0x00, 0x00, 0x00, 0x00, 0x00, 0x00, 0x00,
    0x04, 0x00, 0x00, 0x00, 0x8C, 0x1E, 0x00, 0x00, 0x00, 0x00, 0x00, 0x00, 0x00, 0x00, 0x00, 0x00,
    0xFF, 0xFF, 0x00, 0x00, 0x32, 0x75, 0x00, 0x00, 0x00, 0x00, 0x00, 0x00, 0x00, 0x00, 0x00, 0x00,
    0x03, 0x00, 0x00, 0x00, 0x7C, 0x1E, 0x00, 0x00, 0x00, 0x00, 0x00, 0x00, 0x00, 0x00, 0x00, 0x00,
    0xFF, 0xFF, 0x00, 0x00, 0x33, 0x75, 0x00, 0x00, 0x00, 0x00, 0x00, 0x00, 0x00, 0x00, 0x00, 0x00,
    0x04, 0x00, 0x00, 0x00, 0x68, 0x1E, 0x00, 0x00, 0x00, 0x00, 0x00, 0x00, 0x00, 0x00, 0x00, 0x00,
    0xFF, 0xFF, 0x00, 0x00, 0x33, 0x75, 0x00, 0x00, 0x00, 0x00, 0x00, 0x00, 0x00, 0x00, 0x00, 0x00,
    0x04, 0x00, 0x00, 0x00, 0x58, 0x1E, 0x00, 0x00, 0x00, 0x00, 0x00, 0x00, 0x00, 0x00, 0x00, 0x00,
    0xFF, 0xFF, 0x00, 0x00, 0x34, 0x75, 0x00, 0x00, 0x00, 0x00, 0x00, 0x00, 0x00, 0x00, 0x00, 0x00,
    0x03, 0x00, 0x00, 0x00, 0x48, 0x1E, 0x00, 0x00, 0x01, 0x00, 0x00, 0x00, 0x4C, 0x1E, 0x00, 0x00,
    0xFF, 0xFF, 0x00, 0x00, 0x34, 0x75, 0x00, 0x00, 0x00, 0x00, 0x00, 0x00, 0x00, 0x00, 0x00, 0x00,
    0x04, 0x00, 0x00, 0x00, 0x38, 0x1E, 0x00, 0x00, 0x01, 0x00, 0x00, 0x00, 0x40, 0x1E, 0x00, 0x00,
    0xFF, 0xFF, 0x00, 0x00, 0x34, 0x75, 0x00, 0x00, 0x00, 0x00, 0x00, 0x00, 0x00, 0x00, 0x00, 0x00,
    0x04, 0x00, 0x00, 0x00, 0x2C, 0x1E, 0x00, 0x00, 0x01, 0x00, 0x00, 0x00, 0x34, 0x1E, 0x00, 0x00,
    0xFF, 0xFF, 0x00, 0x00, 0x09, 0x04, 0x00, 0x00, 0x00, 0x00, 0x00, 0x00, 0x00, 0x00, 0x00, 0x00,
    0x08, 0x00, 0x00, 0x00, 0x20, 0x1E, 0x00, 0x00, 0x00, 0x00, 0x00, 0x00, 0x00, 0x00, 0x00, 0x00,
    0xFF, 0xFF, 0x00, 0x00, 0x0C, 0x00, 0x01, 0x00, 0x9A, 0x00, 0x00, 0x00, 0x31, 0x75, 0x00, 0x00,
    0x00, 0x00, 0x00, 0x00, 0x00, 0x00, 0x00, 0x00, 0x03, 0x00, 0x00, 0x00, 0x18, 0x1E, 0x00, 0x00,
    0x02, 0x00, 0x00, 0x00, 0x1C, 0x1E, 0x00, 0x00, 0xFF, 0xFF, 0x00, 0x00, 0x32, 0x75, 0x00, 0x00,
    0x00, 0x00, 0x00, 0x00, 0x00, 0x00, 0x00, 0x00, 0x03, 0x00, 0x00, 0x00, 0x0C, 0x1E, 0x00, 0x00,
    0x00, 0x00, 0x00, 0x00, 0x00, 0x00, 0x00, 0x00, 0xFF, 0xFF, 0x00, 0x00, 0x33, 0x75, 0x00, 0x00,
    0x00, 0x00, 0x00, 0x00, 0x00, 0x00, 0x00, 0x00, 0x03, 0x00, 0x00, 0x00, 0xF8, 0x1D, 0x00, 0x00,
    0x00, 0x00, 0x00, 0x00, 0x00, 0x00, 0x00, 0x00, 0xFF, 0xFF, 0x00, 0x00, 0x34, 0x75, 0x00, 0x00,
    0x00, 0x00, 0x00, 0x00, 0x00, 0x00, 0x00, 0x00, 0x04, 0x00, 0x00, 0x00, 0xE4, 0x1D, 0x00, 0x00,
    0x01, 0x00, 0x00, 0x00, 0xEC, 0x1D, 0x00, 0x00, 0xFF, 0xFF, 0x00, 0x00, 0x32, 0x75, 0x00, 0x00,
    0x00, 0x00, 0x00, 0x00, 0x00, 0x00, 0x00, 0x00, 0x05, 0x00, 0x00, 0x00, 0xD8, 0x1D, 0x00, 0x00,
    0x02, 0x00, 0x00, 0x00, 0xE4, 0x1D, 0x00, 0x00, 0xFF, 0xFF, 0x00, 0x00, 0x34, 0x75, 0x00, 0x00,
    0x00, 0x00, 0x00, 0x00, 0x00, 0x00, 0x00, 0x00, 0x04, 0x00, 0x00, 0x00, 0xD4, 0x1D, 0x00, 0x00,
    0x00, 0x00, 0x00, 0x00, 0x00, 0x00, 0x00, 0x00, 0xFF, 0xFF, 0x00, 0x00, 0x33, 0x75, 0x00, 0x00,
    0x00, 0x00, 0x00, 0x00, 0x00, 0x00, 0x00, 0x00, 0x05, 0x00, 0x00, 0x00, 0xC4, 0x1D, 0x00, 0x00,
    0x00, 0x00, 0x00, 0x00, 0x00, 0x00, 0x00, 0x00, 0xFF, 0xFF, 0x00, 0x00, 0x32, 0x75, 0x00, 0x00,
    0x00, 0x00, 0x00, 0x00, 0x00, 0x00, 0x00, 0x00, 0x04, 0x00, 0x00, 0x00, 0xB8, 0x1D, 0x00, 0x00,
    0x00, 0x00, 0x00, 0x00, 0x00, 0x00, 0x00, 0x00, 0xFF, 0xFF, 0x00, 0x00, 0x33, 0x75, 0x00, 0x00,
    0x00, 0x00, 0x00, 0x00, 0x00, 0x00, 0x00, 0x00, 0x04, 0x00, 0x00, 0x00, 0xA8, 0x1D, 0x00, 0x00,
    0x00, 0x00, 0x00, 0x00, 0x00, 0x00, 0x00, 0x00, 0xFF, 0xFF, 0x00, 0x00, 0x30, 0x75, 0x00, 0x00,
    0x00, 0x00, 0x00, 0x00, 0x00, 0x00, 0x00, 0x00, 0x03, 0x00, 0x00, 0x00, 0x98, 0x1D, 0x00, 0x00,
    0x00, 0x00, 0x00, 0x00, 0x00, 0x00, 0x00, 0x00, 0xFF, 0xFF, 0x00, 0x00, 0x34, 0x75, 0x00, 0x00,
    0x00, 0x00, 0x00, 0x00, 0x00, 0x00, 0x00, 0x00, 0x03, 0x00, 0x00, 0x00, 0x84, 0x1D, 0x00, 0x00,
    0x01, 0x00, 0x00, 0x00, 0x88, 0x1D, 0x00, 0x00, 0xFF, 0xFF, 0x00, 0x00, 0x34, 0x75, 0x00, 0x00,
    0x00, 0x00, 0x00, 0x00, 0x00, 0x00, 0x00, 0x00, 0x03, 0x00, 0x00, 0x00, 0x74, 0x1D, 0x00, 0x00,
    0x01, 0x00, 0x00, 0x00, 0x78, 0x1D, 0x00, 0x00, 0xFF, 0xFF, 0x00, 0x00, 0x32, 0x75, 0x00, 0x00,
    0x00, 0x00, 0x00, 0x00, 0x00, 0x00, 0x00, 0x00, 0x04, 0x00, 0x00, 0x00, 0x64, 0x1D, 0x00, 0x00,
    0x00, 0x00, 0x00, 0x00, 0x00, 0x00, 0x00, 0x00, 0xFF, 0xFF, 0x00, 0x00, 0x33, 0x75, 0x00, 0x00,
    0x00, 0x00, 0x00, 0x00, 0x00, 0x00, 0x00, 0x00, 0x04, 0x00, 0x00, 0x00, 0x54, 0x1D, 0x00, 0x00,
    0x00, 0x00, 0x00, 0x00, 0x00, 0x00, 0x00, 0x00, 0xFF, 0xFF, 0x00, 0x00, 0x30, 0x75, 0x00, 0x00,
    0x00, 0x00, 0x00, 0x00, 0x00, 0x00, 0x00, 0x00, 0x03, 0x00, 0x00, 0x00, 0x44, 0x1D, 0x00, 0x00,
    0x00, 0x00, 0x00, 0x00, 0x00, 0x00, 0x00, 0x00, 0xFF, 0xFF, 0x00, 0x00, 0x34, 0x75, 0x00, 0x00,
    0x00, 0x00, 0x00, 0x00, 0x00, 0x00, 0x00, 0x00, 0x03, 0x00, 0x00, 0x00, 0x30, 0x1D, 0x00, 0x00,
    0x01, 0x00, 0x00, 0x00, 0x34, 0x1D, 0x00, 0x00, 0xFF, 0xFF, 0x00, 0x00, 0x34, 0x75, 0x00, 0x00,
    0x00, 0x00, 0x00, 0x00, 0x00, 0x00, 0x00, 0x00, 0x03, 0x00, 0x00, 0x00, 0x20, 0x1D, 0x00, 0x00,
    0x01, 0x00, 0x00, 0x00, 0x24, 0x1D, 0x00, 0x00, 0xFF, 0xFF, 0x00, 0x00, 0x09, 0x04, 0x00, 0x00,
    0x00, 0x00, 0x00, 0x00, 0x00, 0x00, 0x00, 0x00, 0x08, 0x00, 0x00, 0x00, 0x10, 0x1D, 0x00, 0x00,
    0x00, 0x00, 0x00, 0x00, 0x00, 0x00, 0x00, 0x00, 0xFF, 0xFF, 0x00, 0x00, 0x0C, 0x00, 0x01, 0x00,
    0xA8, 0x00, 0x00, 0x00, 0x31, 0x75, 0x00, 0x00, 0x00, 0x00, 0x00, 0x00, 0x00, 0x00, 0x00, 0x00,
    0x03, 0x00, 0x00, 0x00, 0x08, 0x1D, 0x00, 0x00, 0x02, 0x00, 0x00, 0x00, 0x0C, 0x1D, 0x00, 0x00,
    0xFF, 0xFF, 0x00, 0x00, 0x32, 0x75, 0x00, 0x00, 0x00, 0x00, 0x00, 0x00, 0x00, 0x00, 0x00, 0x00,
    0x03, 0x00, 0x00, 0x00, 0xFC, 0x1C, 0x00, 0x00, 0x00, 0x00, 0x00, 0x00, 0x00, 0x00, 0x00, 0x00,
    0xFF, 0xFF, 0x00, 0x00, 0x32, 0x75, 0x00, 0x00, 0x00, 0x00, 0x00, 0x00, 0x00, 0x00, 0x00, 0x00,
    0x03, 0x00, 0x00, 0x00, 0xE8, 0x1C, 0x00, 0x00, 0x00, 0x00, 0x00, 0x00, 0x00, 0x00, 0x00, 0x00,
    0xFF, 0xFF, 0x00, 0x00, 0x30, 0x75, 0x00, 0x00, 0x00, 0x00, 0x00, 0x00, 0x00, 0x00, 0x00, 0x00,
    0x04, 0x00, 0x00, 0x00, 0xD4, 0x1C, 0x00, 0x00, 0x00, 0x00, 0x00, 0x00, 0x00, 0x00, 0x00, 0x00,
    0xFF, 0xFF, 0x00, 0x00, 0x30, 0x75, 0x00, 0x00, 0x00, 0x00, 0x00, 0x00, 0x00, 0x00, 0x00, 0x00,
    0x04, 0x00, 0x00, 0x00, 0xC4, 0x1C, 0x00, 0x00, 0x00, 0x00, 0x00, 0x00, 0x00, 0x00, 0x00, 0x00,
    0xFF, 0xFF, 0x00, 0x00, 0x30, 0x75, 0x00, 0x00, 0x00, 0x00, 0x00, 0x00, 0x00, 0x00, 0x00, 0x00,
    0x04, 0x00, 0x00, 0x00, 0xB4, 0x1C, 0x00, 0x00, 0x00, 0x00, 0x00, 0x00, 0x00, 0x00, 0x00, 0x00,
    0xFF, 0xFF, 0x00, 0x00, 0x33, 0x75, 0x00, 0x00, 0x00, 0x00, 0x00, 0x00, 0x00, 0x00, 0x00, 0x00,
    0x04, 0x00, 0x00, 0x00, 0xA4, 0x1C, 0x00, 0x00, 0x00, 0x00, 0x00, 0x00, 0x00, 0x00, 0x00, 0x00,
    0xFF, 0xFF, 0x00, 0x00, 0x33, 0x75, 0x00, 0x00, 0x00, 0x00, 0x00, 0x00, 0x00, 0x00, 0x00, 0x00,
    0x03, 0x00, 0x00, 0x00, 0x94, 0x1C, 0x00, 0x00, 0x00, 0x00, 0x00, 0x00, 0x00, 0x00, 0x00, 0x00,
    0xFF, 0xFF, 0x00, 0x00, 0x33, 0x75, 0x00, 0x00, 0x00, 0x00, 0x00, 0x00, 0x00, 0x00, 0x00, 0x00,
    0x04, 0x00, 0x00, 0x00, 0x80, 0x1C, 0x00, 0x00, 0x00, 0x00, 0x00, 0x00, 0x00, 0x00, 0x00, 0x00,
    0xFF, 0xFF, 0x00, 0x00, 0x33, 0x75, 0x00, 0x00, 0x00, 0x00, 0x00, 0x00, 0x00, 0x00, 0x00, 0x00,
    0x03, 0x00, 0x00, 0x00, 0x70, 0x1C, 0x00, 0x00, 0x00, 0x00, 0x00, 0x00, 0x00, 0x00, 0x00, 0x00,
    0xFF, 0xFF, 0x00, 0x00, 0x38, 0x75, 0x00, 0x00, 0x00, 0x00, 0x00, 0x00, 0x00, 0x00, 0x00, 0x00,
    0x04, 0x00, 0x00, 0x00, 0x5C, 0x1C, 0x00, 0x00, 0x00, 0x00, 0x00, 0x00, 0x00, 0x00, 0x00, 0x00,
    0xFF, 0xFF, 0x00, 0x00, 0x33, 0x75, 0x00, 0x00, 0x00, 0x00, 0x00, 0x00, 0x00, 0x00, 0x00, 0x00,
    0x05, 0x00, 0x00, 0x00, 0x4C, 0x1C, 0x00, 0x00, 0x00, 0x00, 0x00, 0x00, 0x00, 0x00, 0x00, 0x00,
    0xFF, 0xFF, 0x00, 0x00, 0x30, 0x75, 0x00, 0x00, 0x00, 0x00, 0x00, 0x00, 0x00, 0x00, 0x00, 0x00,
    0x03, 0x00, 0x00, 0x00, 0x40, 0x1C, 0x00, 0x00, 0x01, 0x00, 0x00, 0x00, 0x44, 0x1C, 0x00, 0x00,
    0xFF, 0xFF, 0x00, 0x00, 0x33, 0x75, 0x00, 0x00, 0x00, 0x00, 0x00, 0x00, 0x00, 0x00, 0x00, 0x00,
    0x03, 0x00, 0x00, 0x00, 0x30, 0x1C, 0x00, 0x00, 0x00, 0x00, 0x00, 0x00, 0x00, 0x00, 0x00, 0x00,
    0xFF, 0xFF, 0x00, 0x00, 0x31, 0x75, 0x00, 0x00, 0x00, 0x00, 0x00, 0x00, 0x00, 0x00, 0x00, 0x00,
    0x03, 0x00, 0x00, 0x00, 0x1C, 0x1C, 0x00, 0x00, 0x01, 0x00, 0x00, 0x00, 0x20, 0x1C, 0x00, 0x00,
    0xFF, 0xFF, 0x00, 0x00, 0x32, 0x75, 0x00, 0x00, 0x00, 0x00, 0x00, 0x00, 0x00, 0x00, 0x00, 0x00,
    0x03, 0x00, 0x00, 0x00, 0x0C, 0x1C, 0x00, 0x00, 0x00, 0x00, 0x00, 0x00, 0x00, 0x00, 0x00, 0x00,
    0xFF, 0xFF, 0x00, 0x00, 0x34, 0x75, 0x00, 0x00, 0x00, 0x00, 0x00, 0x00, 0x00, 0x00, 0x00, 0x00,
    0x03, 0x00, 0x00, 0x00, 0xF8, 0x1B, 0x00, 0x00, 0x00, 0x00, 0x00, 0x00, 0x00, 0x00, 0x00, 0x00,
    0xFF, 0xFF, 0x00, 0x00, 0x33, 0x75, 0x00, 0x00, 0x00, 0x00, 0x00, 0x00, 0x00, 0x00, 0x00, 0x00,
    0x03, 0x00, 0x00, 0x00, 0xE4, 0x1B, 0x00, 0x00, 0x00, 0x00, 0x00, 0x00, 0x00, 0x00, 0x00, 0x00,
    0xFF, 0xFF, 0x00, 0x00, 0x32, 0x75, 0x00, 0x00, 0x00, 0x00, 0x00, 0x00, 0x00, 0x00, 0x00, 0x00,
    0x03, 0x00, 0x00, 0x00, 0xD0, 0x1B, 0x00, 0x00, 0x00, 0x00, 0x00, 0x00, 0x00, 0x00, 0x00, 0x00,
    0xFF, 0xFF, 0x00, 0x00, 0x35, 0x75, 0x00, 0x00, 0x00, 0x00, 0x00, 0x00, 0x00, 0x00, 0x00, 0x00,
    0x03, 0x00, 0x00, 0x00, 0xBC, 0x1B, 0x00, 0x00, 0x00, 0x00, 0x00, 0x00, 0x00, 0x00, 0x00, 0x00,
    0xFF, 0xFF, 0x00, 0x00, 0x30, 0x75, 0x00, 0x00, 0x00, 0x00, 0x00, 0x00, 0x00, 0x00, 0x00, 0x00,
    0x03, 0x00, 0x00, 0x00, 0xA8, 0x1B, 0x00, 0x00, 0x00, 0x00, 0x00, 0x00, 0x00, 0x00, 0x00, 0x00,
    0xFF, 0xFF, 0x00, 0x00, 0x33, 0x75, 0x00, 0x00, 0x00, 0x00, 0x00, 0x00, 0x00, 0x00, 0x00, 0x00,
    0x03, 0x00, 0x00, 0x00, 0x94, 0x1B, 0x00, 0x00, 0x00, 0x00, 0x00, 0x00, 0x00, 0x00, 0x00, 0x00,
    0xFF, 0xFF, 0x00, 0x00, 0x30, 0x75, 0x00, 0x00, 0x00, 0x00, 0x00, 0x00, 0x00, 0x00, 0x00, 0x00,
    0x03, 0x00, 0x00, 0x00, 0x80, 0x1B, 0x00, 0x00, 0x00, 0x00, 0x00, 0x00, 0x00, 0x00, 0x00, 0x00,
    0xFF, 0xFF, 0x00, 0x00, 0x33, 0x75, 0x00, 0x00, 0x00, 0x00, 0x00, 0x00, 0x00, 0x00, 0x00, 0x00,
    0x03, 0x00, 0x00, 0x00, 0x6C, 0x1B, 0x00, 0x00, 0x00, 0x00, 0x00, 0x00, 0x00, 0x00, 0x00, 0x00,
    0xFF, 0xFF, 0x00, 0x00, 0x33, 0x75, 0x00, 0x00, 0x00, 0x00, 0x00, 0x00, 0x00, 0x00, 0x00, 0x00,
    0x03, 0x00, 0x00, 0x00, 0x58, 0x1B, 0x00, 0x00, 0x00, 0x00, 0x00, 0x00, 0x00, 0x00, 0x00, 0x00,
    0xFF, 0xFF, 0x00, 0x00, 0x30, 0x75, 0x00, 0x00, 0x00, 0x00, 0x00, 0x00, 0x00, 0x00, 0x00, 0x00,
    0x03, 0x00, 0x00, 0x00, 0x44, 0x1B, 0x00, 0x00, 0x00, 0x00, 0x00, 0x00, 0x00, 0x00, 0x00, 0x00,
    0xFF, 0xFF, 0x00, 0x00, 0x37, 0x75, 0x00, 0x00, 0x00, 0x00, 0x00, 0x00, 0x00, 0x00, 0x00, 0x00,
    0x03, 0x00, 0x00, 0x00, 0x30, 0x1B, 0x00, 0x00, 0x00, 0x00, 0x00, 0x00, 0x00, 0x00, 0x00, 0x00,
    0xFF, 0xFF, 0x00, 0x00, 0x33, 0x75, 0x00, 0x00, 0x00, 0x00, 0x00, 0x00, 0x00, 0x00, 0x00, 0x00,
    0x03, 0x00, 0x00, 0x00, 0x1C, 0x1B, 0x00, 0x00, 0x00, 0x00, 0x00, 0x00, 0x00, 0x00, 0x00, 0x00,
    0xFF, 0xFF, 0x00, 0x00, 0x32, 0x75, 0x00, 0x00, 0x00, 0x00, 0x00, 0x00, 0x00, 0x00, 0x00, 0x00,
    0x03, 0x00, 0x00, 0x00, 0x08, 0x1B, 0x00, 0x00, 0x00, 0x00, 0x00, 0x00, 0x00, 0x00, 0x00, 0x00,
    0xFF, 0xFF, 0x00, 0x00, 0x30, 0x75, 0x00, 0x00, 0x00, 0x00, 0x00, 0x00, 0x00, 0x00, 0x00, 0x00,
    0x03, 0x00, 0x00, 0x00, 0xF4, 0x1A, 0x00, 0x00, 0x00, 0x00, 0x00, 0x00, 0x00, 0x00, 0x00, 0x00,
    0xFF, 0xFF, 0x00, 0x00, 0x37, 0x75, 0x00, 0x00, 0x00, 0x00, 0x00, 0x00, 0x00, 0x00, 0x00, 0x00,
    0x03, 0x00, 0x00, 0x00, 0xE0, 0x1A, 0x00, 0x00, 0x00, 0x00, 0x00, 0x00, 0x00, 0x00, 0x00, 0x00,
    0xFF, 0xFF, 0x00, 0x00, 0x33, 0x75, 0x00, 0x00, 0x00, 0x00, 0x00, 0x00, 0x00, 0x00, 0x00, 0x00,
    0x03, 0x00, 0x00, 0x00, 0xCC, 0x1A, 0x00, 0x00, 0x00, 0x00, 0x00, 0x00, 0x00, 0x00, 0x00, 0x00,
    0xFF, 0xFF, 0x00, 0x00, 0x34, 0x75, 0x00, 0x00, 0x00, 0x00, 0x00, 0x00, 0x00, 0x00, 0x00, 0x00,
    0x03, 0x00, 0x00, 0x00, 0xB8, 0x1A, 0x00, 0x00, 0x00, 0x00, 0x00, 0x00, 0x00, 0x00, 0x00, 0x00,
    0xFF, 0xFF, 0x00, 0x00, 0x34, 0x75, 0x00, 0x00, 0x00, 0x00, 0x00, 0x00, 0x00, 0x00, 0x00, 0x00,
    0x03, 0x00, 0x00, 0x00, 0xA4, 0x1A, 0x00, 0x00, 0x00, 0x00, 0x00, 0x00, 0x00, 0x00, 0x00, 0x00,
    0xFF, 0xFF, 0x00, 0x00, 0x32, 0x75, 0x00, 0x00, 0x00, 0x00, 0x00, 0x00, 0x00, 0x00, 0x00, 0x00,
    0x03, 0x00, 0x00, 0x00, 0x90, 0x1A, 0x00, 0x00, 0x00, 0x00, 0x00, 0x00, 0x00, 0x00, 0x00, 0x00,
    0xFF, 0xFF, 0x00, 0x00, 0x35, 0x75, 0x00, 0x00, 0x00, 0x00, 0x00, 0x00, 0x00, 0x00, 0x00, 0x00,
    0x03, 0x00, 0x00, 0x00, 0x7C, 0x1A, 0x00, 0x00, 0x00, 0x00, 0x00, 0x00, 0x00, 0x00, 0x00, 0x00,
    0xFF, 0xFF, 0x00, 0x00, 0x32, 0x75, 0x00, 0x00, 0x00, 0x00, 0x00, 0x00, 0x00, 0x00, 0x00, 0x00,
    0x03, 0x00, 0x00, 0x00, 0x68, 0x1A, 0x00, 0x00, 0x00, 0x00, 0x00, 0x00, 0x00, 0x00, 0x00, 0x00,
    0xFF, 0xFF, 0x00, 0x00, 0x30, 0x75, 0x00, 0x00, 0x00, 0x00, 0x00, 0x00, 0x00, 0x00, 0x00, 0x00,
    0x03, 0x00, 0x00, 0x00, 0x54, 0x1A, 0x00, 0x00, 0x00, 0x00, 0x00, 0x00, 0x00, 0x00, 0x00, 0x00,
    0xFF, 0xFF, 0x00, 0x00, 0x32, 0x75, 0x00, 0x00, 0x00, 0x00, 0x00, 0x00, 0x00, 0x00, 0x00, 0x00,
    0x03, 0x00, 0x00, 0x00, 0x40, 0x1A, 0x00, 0x00, 0x00, 0x00, 0x00, 0x00, 0x00, 0x00, 0x00, 0x00,
    0xFF, 0xFF, 0x00, 0x00, 0x33, 0x75, 0x00, 0x00, 0x00, 0x00, 0x00, 0x00, 0x00, 0x00, 0x00, 0x00,
    0x03, 0x00, 0x00, 0x00, 0x2C, 0x1A, 0x00, 0x00, 0x00, 0x00, 0x00, 0x00, 0x00, 0x00, 0x00, 0x00,
    0xFF, 0xFF, 0x00, 0x00, 0x30, 0x75, 0x00, 0x00, 0x00, 0x00, 0x00, 0x00, 0x00, 0x00, 0x00, 0x00,
    0x03, 0x00, 0x00, 0x00, 0x18, 0x1A, 0x00, 0x00, 0x00, 0x00, 0x00, 0x00, 0x00, 0x00, 0x00, 0x00,
    0xFF, 0xFF, 0x00, 0x00, 0x30, 0x75, 0x00, 0x00, 0x00, 0x00, 0x00, 0x00, 0x00, 0x00, 0x00, 0x00,
    0x03, 0x00, 0x00, 0x00, 0x04, 0x1A, 0x00, 0x00, 0x00, 0x00, 0x00, 0x00, 0x00, 0x00, 0x00, 0x00,
    0xFF, 0xFF, 0x00, 0x00, 0x33, 0x75, 0x00, 0x00, 0x00, 0x00, 0x00, 0x00, 0x00, 0x00, 0x00, 0x00,
    0x03, 0x00, 0x00, 0x00, 0xF0, 0x19, 0x00, 0x00, 0x00, 0x00, 0x00, 0x00, 0x00, 0x00, 0x00, 0x00,
    0xFF, 0xFF, 0x00, 0x00, 0x33, 0x75, 0x00, 0x00, 0x00, 0x00, 0x00, 0x00, 0x00, 0x00, 0x00, 0x00,
    0x03, 0x00, 0x00, 0x00, 0xDC, 0x19, 0x00, 0x00, 0x00, 0x00, 0x00, 0x00, 0x00, 0x00, 0x00, 0x00,
    0xFF, 0xFF, 0x00, 0x00, 0x37, 0x75, 0x00, 0x00, 0x00, 0x00, 0x00, 0x00, 0x00, 0x00, 0x00, 0x00,
    0x03, 0x00, 0x00, 0x00, 0xC8, 0x19, 0x00, 0x00, 0x00, 0x00, 0x00, 0x00, 0x00, 0x00, 0x00, 0x00,
    0xFF, 0xFF, 0x00, 0x00, 0x33, 0x75, 0x00, 0x00, 0x00, 0x00, 0x00, 0x00, 0x00, 0x00, 0x00, 0x00,
    0x03, 0x00, 0x00, 0x00, 0xB4, 0x19, 0x00, 0x00, 0x00, 0x00, 0x00, 0x00, 0x00, 0x00, 0x00, 0x00,
    0xFF, 0xFF, 0x00, 0x00, 0x30, 0x75, 0x00, 0x00, 0x00, 0x00, 0x00, 0x00, 0x00, 0x00, 0x00, 0x00,
    0x03, 0x00, 0x00, 0x00, 0xA0, 0x19, 0x00, 0x00, 0x00, 0x00, 0x00, 0x00, 0x00, 0x00, 0x00, 0x00,
    0xFF, 0xFF, 0x00, 0x00, 0x32, 0x75, 0x00, 0x00, 0x00, 0x00, 0x00, 0x00, 0x00, 0x00, 0x00, 0x00,
    0x03, 0x00, 0x00, 0x00, 0x8C, 0x19, 0x00, 0x00, 0x00, 0x00, 0x00, 0x00, 0x00, 0x00, 0x00, 0x00,
    0xFF, 0xFF, 0x00, 0x00, 0x32, 0x75, 0x00, 0x00, 0x00, 0x00, 0x00, 0x00, 0x00, 0x00, 0x00, 0x00,
    0x03, 0x00, 0x00, 0x00, 0x78, 0x19, 0x00, 0x00, 0x00, 0x00, 0x00, 0x00, 0x00, 0x00, 0x00, 0x00,
    0xFF, 0xFF, 0x00, 0x00, 0x33, 0x75, 0x00, 0x00, 0x00, 0x00, 0x00, 0x00, 0x00, 0x00, 0x00, 0x00,
    0x03, 0x00, 0x00, 0x00, 0x64, 0x19, 0x00, 0x00, 0x00, 0x00, 0x00, 0x00, 0x00, 0x00, 0x00, 0x00,
    0xFF, 0xFF, 0x00, 0x00, 0x30, 0x75, 0x00, 0x00, 0x00, 0x00, 0x00, 0x00, 0x00, 0x00, 0x00, 0x00,
    0x03, 0x00, 0x00, 0x00, 0x50, 0x19, 0x00, 0x00, 0x00, 0x00, 0x00, 0x00, 0x00, 0x00, 0x00, 0x00,
    0xFF, 0xFF, 0x00, 0x00, 0x30, 0x75, 0x00, 0x00, 0x00, 0x00, 0x00, 0x00, 0x00, 0x00, 0x00, 0x00,
    0x03, 0x00, 0x00, 0x00, 0x3C, 0x19, 0x00, 0x00, 0x00, 0x00, 0x00, 0x00, 0x00, 0x00, 0x00, 0x00,
    0xFF, 0xFF, 0x00, 0x00, 0x33, 0x75, 0x00, 0x00, 0x00, 0x00, 0x00, 0x00, 0x00, 0x00, 0x00, 0x00,
    0x03, 0x00, 0x00, 0x00, 0x28, 0x19, 0x00, 0x00, 0x00, 0x00, 0x00, 0x00, 0x00, 0x00, 0x00, 0x00,
    0xFF, 0xFF, 0x00, 0x00, 0x33, 0x75, 0x00, 0x00, 0x00, 0x00, 0x00, 0x00, 0x00, 0x00, 0x00, 0x00,
    0x03, 0x00, 0x00, 0x00, 0x14, 0x19, 0x00, 0x00, 0x00, 0x00, 0x00, 0x00, 0x00, 0x00, 0x00, 0x00,
    0xFF, 0xFF, 0x00, 0x00, 0x37, 0x75, 0x00, 0x00, 0x00, 0x00, 0x00, 0x00, 0x00, 0x00, 0x00, 0x00,
    0x03, 0x00, 0x00, 0x00, 0x00, 0x19, 0x00, 0x00, 0x00, 0x00, 0x00, 0x00, 0x00, 0x00, 0x00, 0x00,
    0xFF, 0xFF, 0x00, 0x00, 0x33, 0x75, 0x00, 0x00, 0x00, 0x00, 0x00, 0x00, 0x00, 0x00, 0x00, 0x00,
    0x03, 0x00, 0x00, 0x00, 0xEC, 0x18, 0x00, 0x00, 0x00, 0x00, 0x00, 0x00, 0x00, 0x00, 0x00, 0x00,
    0xFF, 0xFF, 0x00, 0x00, 0x32, 0x75, 0x00, 0x00, 0x00, 0x00, 0x00, 0x00, 0x00, 0x00, 0x00, 0x00,
    0x03, 0x00, 0x00, 0x00, 0xD8, 0x18, 0x00, 0x00, 0x00, 0x00, 0x00, 0x00, 0x00, 0x00, 0x00, 0x00,
    0xFF, 0xFF, 0x00, 0x00, 0x30, 0x75, 0x00, 0x00, 0x00, 0x00, 0x00, 0x00, 0x00, 0x00, 0x00, 0x00,
    0x03, 0x00, 0x00, 0x00, 0xC4, 0x18, 0x00, 0x00, 0x00, 0x00, 0x00, 0x00, 0x00, 0x00, 0x00, 0x00,
    0xFF, 0xFF, 0x00, 0x00, 0x32, 0x75, 0x00, 0x00, 0x00, 0x00, 0x00, 0x00, 0x00, 0x00, 0x00, 0x00,
    0x03, 0x00, 0x00, 0x00, 0xB0, 0x18, 0x00, 0x00, 0x00, 0x00, 0x00, 0x00, 0x00, 0x00, 0x00, 0x00,
    0xFF, 0xFF, 0x00, 0x00, 0x33, 0x75, 0x00, 0x00, 0x00, 0x00, 0x00, 0x00, 0x00, 0x00, 0x00, 0x00,
    0x03, 0x00, 0x00, 0x00, 0x9C, 0x18, 0x00, 0x00, 0x00, 0x00, 0x00, 0x00, 0x00, 0x00, 0x00, 0x00,
    0xFF, 0xFF, 0x00, 0x00, 0x30, 0x75, 0x00, 0x00, 0x00, 0x00, 0x00, 0x00, 0x00, 0x00, 0x00, 0x00,
    0x03, 0x00, 0x00, 0x00, 0x88, 0x18, 0x00, 0x00, 0x00, 0x00, 0x00, 0x00, 0x00, 0x00, 0x00, 0x00,
    0xFF, 0xFF, 0x00, 0x00, 0x30, 0x75, 0x00, 0x00, 0x00, 0x00, 0x00, 0x00, 0x00, 0x00, 0x00, 0x00,
    0x03, 0x00, 0x00, 0x00, 0x74, 0x18, 0x00, 0x00, 0x00, 0x00, 0x00, 0x00, 0x00, 0x00, 0x00, 0x00,
    0xFF, 0xFF, 0x00, 0x00, 0x33, 0x75, 0x00, 0x00, 0x00, 0x00, 0x00, 0x00, 0x00, 0x00, 0x00, 0x00,
    0x03, 0x00, 0x00, 0x00, 0x60, 0x18, 0x00, 0x00, 0x00, 0x00, 0x00, 0x00, 0x00, 0x00, 0x00, 0x00,
    0xFF, 0xFF, 0x00, 0x00, 0x33, 0x75, 0x00, 0x00, 0x00, 0x00, 0x00, 0x00, 0x00, 0x00, 0x00, 0x00,
    0x03, 0x00, 0x00, 0x00, 0x4C, 0x18, 0x00, 0x00, 0x00, 0x00, 0x00, 0x00, 0x00, 0x00, 0x00, 0x00,
    0xFF, 0xFF, 0x00, 0x00, 0x37, 0x75, 0x00, 0x00, 0x00, 0x00, 0x00, 0x00, 0x00, 0x00, 0x00, 0x00,
    0x03, 0x00, 0x00, 0x00, 0x38, 0x18, 0x00, 0x00, 0x00, 0x00, 0x00, 0x00, 0x00, 0x00, 0x00, 0x00,
    0xFF, 0xFF, 0x00, 0x00, 0x33, 0x75, 0x00, 0x00, 0x00, 0x00, 0x00, 0x00, 0x00, 0x00, 0x00, 0x00,
    0x03, 0x00, 0x00, 0x00, 0x24, 0x18, 0x00, 0x00, 0x00, 0x00, 0x00, 0x00, 0x00, 0x00, 0x00, 0x00,
    0xFF, 0xFF, 0x00, 0x00, 0x32, 0x75, 0x00, 0x00, 0x00, 0x00, 0x00, 0x00, 0x00, 0x00, 0x00, 0x00,
    0x03, 0x00, 0x00, 0x00, 0x10, 0x18, 0x00, 0x00, 0x00, 0x00, 0x00, 0x00, 0x00, 0x00, 0x00, 0x00,
    0xFF, 0xFF, 0x00, 0x00, 0x30, 0x75, 0x00, 0x00, 0x00, 0x00, 0x00, 0x00, 0x00, 0x00, 0x00, 0x00,
    0x03, 0x00, 0x00, 0x00, 0xFC, 0x17, 0x00, 0x00, 0x00, 0x00, 0x00, 0x00, 0x00, 0x00, 0x00, 0x00,
    0xFF, 0xFF, 0x00, 0x00, 0x32, 0x75, 0x00, 0x00, 0x00, 0x00, 0x00, 0x00, 0x00, 0x00, 0x00, 0x00,
    0x03, 0x00, 0x00, 0x00, 0xE8, 0x17, 0x00, 0x00, 0x00, 0x00, 0x00, 0x00, 0x00, 0x00, 0x00, 0x00,
    0xFF, 0xFF, 0x00, 0x00, 0x33, 0x75, 0x00, 0x00, 0x00, 0x00, 0x00, 0x00, 0x00, 0x00, 0x00, 0x00,
    0x03, 0x00, 0x00, 0x00, 0xD4, 0x17, 0x00, 0x00, 0x00, 0x00, 0x00, 0x00, 0x00, 0x00, 0x00, 0x00,
    0xFF, 0xFF, 0x00, 0x00, 0x30, 0x75, 0x00, 0x00, 0x00, 0x00, 0x00, 0x00, 0x00, 0x00, 0x00, 0x00,
    0x03, 0x00, 0x00, 0x00, 0xC0, 0x17, 0x00, 0x00, 0x00, 0x00, 0x00, 0x00, 0x00, 0x00, 0x00, 0x00,
    0xFF, 0xFF, 0x00, 0x00, 0x30, 0x75, 0x00, 0x00, 0x00, 0x00, 0x00, 0x00, 0x00, 0x00, 0x00, 0x00,
    0x03, 0x00, 0x00, 0x00, 0xAC, 0x17, 0x00, 0x00, 0x00, 0x00, 0x00, 0x00, 0x00, 0x00, 0x00, 0x00,
    0xFF, 0xFF, 0x00, 0x00, 0x33, 0x75, 0x00, 0x00, 0x00, 0x00, 0x00, 0x00, 0x00, 0x00, 0x00, 0x00,
    0x03, 0x00, 0x00, 0x00, 0x98, 0x17, 0x00, 0x00, 0x00, 0x00, 0x00, 0x00, 0x00, 0x00, 0x00, 0x00,
    0xFF, 0xFF, 0x00, 0x00, 0x33, 0x75, 0x00, 0x00, 0x00, 0x00, 0x00, 0x00, 0x00, 0x00, 0x00, 0x00,
    0x03, 0x00, 0x00, 0x00, 0x84, 0x17, 0x00, 0x00, 0x00, 0x00, 0x00, 0x00, 0x00, 0x00, 0x00, 0x00,
    0xFF, 0xFF, 0x00, 0x00, 0x37, 0x75, 0x00, 0x00, 0x00, 0x00, 0x00, 0x00, 0x00, 0x00, 0x00, 0x00,
    0x03, 0x00, 0x00, 0x00, 0x70, 0x17, 0x00, 0x00, 0x00, 0x00, 0x00, 0x00, 0x00, 0x00, 0x00, 0x00,
    0xFF, 0xFF, 0x00, 0x00, 0x33, 0x75, 0x00, 0x00, 0x00, 0x00, 0x00, 0x00, 0x00, 0x00, 0x00, 0x00,
    0x03, 0x00, 0x00, 0x00, 0x5C, 0x17, 0x00, 0x00, 0x00, 0x00, 0x00, 0x00, 0x00, 0x00, 0x00, 0x00,
    0xFF, 0xFF, 0x00, 0x00, 0x34, 0x75, 0x00, 0x00, 0x00, 0x00, 0x00, 0x00, 0x00, 0x00, 0x00, 0x00,
    0x03, 0x00, 0x00, 0x00, 0x48, 0x17, 0x00, 0x00, 0x00, 0x00, 0x00, 0x00, 0x00, 0x00, 0x00, 0x00,
    0xFF, 0xFF, 0x00, 0x00, 0x34, 0x75, 0x00, 0x00, 0x00, 0x00, 0x00, 0x00, 0x00, 0x00, 0x00, 0x00,
    0x03, 0x00, 0x00, 0x00, 0x34, 0x17, 0x00, 0x00, 0x00, 0x00, 0x00, 0x00, 0x00, 0x00, 0x00, 0x00,
    0xFF, 0xFF, 0x00, 0x00, 0x39, 0x75, 0x00, 0x00, 0x00, 0x00, 0x00, 0x00, 0x00, 0x00, 0x00, 0x00,
    0x06, 0x00, 0x00, 0x00, 0x20, 0x17, 0x00, 0x00, 0x01, 0x00, 0x00, 0x00, 0x30, 0x17, 0x00, 0x00,
    0xFF, 0xFF, 0x00, 0x00, 0x39, 0x75, 0x00, 0x00, 0x00, 0x00, 0x00, 0x00, 0x00, 0x00, 0x00, 0x00,
    0x06, 0x00, 0x00, 0x00, 0x1C, 0x17, 0x00, 0x00, 0x01, 0x00, 0x00, 0x00, 0x2C, 0x17, 0x00, 0x00,
    0xFF, 0xFF, 0x00, 0x00, 0x39, 0x75, 0x00, 0x00, 0x00, 0x00, 0x00, 0x00, 0x00, 0x00, 0x00, 0x00,
    0x06, 0x00, 0x00, 0x00, 0x18, 0x17, 0x00, 0x00, 0x01, 0x00, 0x00, 0x00, 0x28, 0x17, 0x00, 0x00,
    0xFF, 0xFF, 0x00, 0x00, 0x30, 0x75, 0x00, 0x00, 0x00, 0x00, 0x00, 0x00, 0x00, 0x00, 0x00, 0x00,
    0x04, 0x00, 0x00, 0x00, 0x14, 0x17, 0x00, 0x00, 0x01, 0x00, 0x00, 0x00, 0x1C, 0x17, 0x00, 0x00,
    0xFF, 0xFF, 0x00, 0x00, 0x30, 0x75, 0x00, 0x00, 0x00, 0x00, 0x00, 0x00, 0x00, 0x00, 0x00, 0x00,
    0x04, 0x00, 0x00, 0x00, 0x08, 0x17, 0x00, 0x00, 0x01, 0x00, 0x00, 0x00, 0x10, 0x17, 0x00, 0x00,
    0xFF, 0xFF, 0x00, 0x00, 0x30, 0x75, 0x00, 0x00, 0x00, 0x00, 0x00, 0x00, 0x00, 0x00, 0x00, 0x00,
    0x06, 0x00, 0x00, 0x00, 0xFC, 0x16, 0x00, 0x00, 0x00, 0x00, 0x00, 0x00, 0x00, 0x00, 0x00, 0x00,
    0xFF, 0xFF, 0x00, 0x00, 0x30, 0x75, 0x00, 0x00, 0x00, 0x00, 0x00, 0x00, 0x00, 0x00, 0x00, 0x00,
    0x04, 0x00, 0x00, 0x00, 0xF4, 0x16, 0x00, 0x00, 0x00, 0x00, 0x00, 0x00, 0x00, 0x00, 0x00, 0x00,
    0xFF, 0xFF, 0x00, 0x00, 0x33, 0x75, 0x00, 0x00, 0x00, 0x00, 0x00, 0x00, 0x00, 0x00, 0x00, 0x00,
    0x05, 0x00, 0x00, 0x00, 0xE4, 0x16, 0x00, 0x00, 0x00, 0x00, 0x00, 0x00, 0x00, 0x00, 0x00, 0x00,
    0xFF, 0xFF, 0x00, 0x00, 0x33, 0x75, 0x00, 0x00, 0x00, 0x00, 0x00, 0x00, 0x00, 0x00, 0x00, 0x00,
    0x05, 0x00, 0x00, 0x00, 0xD8, 0x16, 0x00, 0x00, 0x00, 0x00, 0x00, 0x00, 0x00, 0x00, 0x00, 0x00,
    0xFF, 0xFF, 0x00, 0x00, 0x33, 0x75, 0x00, 0x00, 0x00, 0x00, 0x00, 0x00, 0x00, 0x00, 0x00, 0x00,
    0x05, 0x00, 0x00, 0x00, 0xCC, 0x16, 0x00, 0x00, 0x00, 0x00, 0x00, 0x00, 0x00, 0x00, 0x00, 0x00,
    0xFF, 0xFF, 0x00, 0x00, 0x39, 0x75, 0x00, 0x00, 0x00, 0x00, 0x00, 0x00, 0x00, 0x00, 0x00, 0x00,
    0x05, 0x00, 0x00, 0x00, 0xC0, 0x16, 0x00, 0x00, 0x01, 0x00, 0x00, 0x00, 0xCC, 0x16, 0x00, 0x00,
    0xFF, 0xFF, 0x00, 0x00, 0x33, 0x75, 0x00, 0x00, 0x00, 0x00, 0x00, 0x00, 0x00, 0x00, 0x00, 0x00,
    0x05, 0x00, 0x00, 0x00, 0xB8, 0x16, 0x00, 0x00, 0x00, 0x00, 0x00, 0x00, 0x00, 0x00, 0x00, 0x00,
    0xFF, 0xFF, 0x00, 0x00, 0x33, 0x75, 0x00, 0x00, 0x00, 0x00, 0x00, 0x00, 0x00, 0x00, 0x00, 0x00,
    0x05, 0x00, 0x00, 0x00, 0xAC, 0x16, 0x00, 0x00, 0x00, 0x00, 0x00, 0x00, 0x00, 0x00, 0x00, 0x00,
    0xFF, 0xFF, 0x00, 0x00, 0x02, 0x00, 0x00, 0x00, 0x00, 0x00, 0x00, 0x00, 0x00, 0x00, 0x00, 0x00,
    0x00, 0x00, 0x00, 0x00, 0x3A, 0x75, 0x00, 0x00, 0x00, 0x00, 0x00, 0x00, 0x00, 0x00, 0x00, 0x00,
    0x04, 0x00, 0x00, 0x00, 0x90, 0x16, 0x00, 0x00, 0x00, 0x00, 0x00, 0x00, 0x00, 0x00, 0x00, 0x00,
    0xFF, 0xFF, 0x00, 0x00, 0x39, 0x75, 0x00, 0x00, 0x00, 0x00, 0x00, 0x00, 0x00, 0x00, 0x00, 0x00,
    0x05, 0x00, 0x00, 0x00, 0x80, 0x16, 0x00, 0x00, 0x00, 0x00, 0x00, 0x00, 0x00, 0x00, 0x00, 0x00,
    0xFF, 0xFF, 0x00, 0x00, 0x39, 0x75, 0x00, 0x00, 0x00, 0x00, 0x00, 0x00, 0x00, 0x00, 0x00, 0x00,
    0x05, 0x00, 0x00, 0x00, 0x74, 0x16, 0x00, 0x00, 0x00, 0x00, 0x00, 0x00, 0x00, 0x00, 0x00, 0x00,
    0xFF, 0xFF, 0x00, 0x00, 0x32, 0x75, 0x00, 0x00, 0x00, 0x00, 0x00, 0x00, 0x00, 0x00, 0x00, 0x00,
    0x03, 0x00, 0x00, 0x00, 0x68, 0x16, 0x00, 0x00, 0x00, 0x00, 0x00, 0x00, 0x00, 0x00, 0x00, 0x00,
    0xFF, 0xFF, 0x00, 0x00, 0x39, 0x75, 0x00, 0x00, 0x00, 0x00, 0x00, 0x00, 0x00, 0x00, 0x00, 0x00,
    0x05, 0x00, 0x00, 0x00, 0x54, 0x16, 0x00, 0x00, 0x00, 0x00, 0x00, 0x00, 0x00, 0x00, 0x00, 0x00,
    0xFF, 0xFF, 0x00, 0x00, 0x33, 0x75, 0x00, 0x00, 0x00, 0x00, 0x00, 0x00, 0x00, 0x00, 0x00, 0x00,
    0x04, 0x00, 0x00, 0x00, 0x48, 0x16, 0x00, 0x00, 0x01, 0x00, 0x00, 0x00, 0x50, 0x16, 0x00, 0x00,
    0xFF, 0xFF, 0x00, 0x00, 0x32, 0x75, 0x00, 0x00, 0x00, 0x00, 0x00, 0x00, 0x00, 0x00, 0x00, 0x00,
    0x03, 0x00, 0x00, 0x00, 0x3C, 0x16, 0x00, 0x00, 0x00, 0x00, 0x00, 0x00, 0x00, 0x00, 0x00, 0x00,
    0xFF, 0xFF, 0x00, 0x00, 0x33, 0x75, 0x00, 0x00, 0x00, 0x00, 0x00, 0x00, 0x00, 0x00, 0x00, 0x00,
    0x03, 0x00, 0x00, 0x00, 0x28, 0x16, 0x00, 0x00, 0x00, 0x00, 0x00, 0x00, 0x00, 0x00, 0x00, 0x00,
    0xFF, 0xFF, 0x00, 0x00, 0x33, 0x75, 0x00, 0x00, 0x00, 0x00, 0x00, 0x00, 0x00, 0x00, 0x00, 0x00,
    0x04, 0x00, 0x00, 0x00, 0x14, 0x16, 0x00, 0x00, 0x01, 0x00, 0x00, 0x00, 0x1C, 0x16, 0x00, 0x00,
    0xFF, 0xFF, 0x00, 0x00, 0x33, 0x75, 0x00, 0x00, 0x00, 0x00, 0x00, 0x00, 0x00, 0x00, 0x00, 0x00,
    0x03, 0x00, 0x00, 0x00, 0x08, 0x16, 0x00, 0x00, 0x00, 0x00, 0x00, 0x00, 0x00, 0x00, 0x00, 0x00,
    0xFF, 0xFF, 0x00, 0x00, 0x33, 0x75, 0x00, 0x00, 0x00, 0x00, 0x00, 0x00, 0x00, 0x00, 0x00, 0x00,
    0x04, 0x00, 0x00, 0x00, 0xF4, 0x15, 0x00, 0x00, 0x01, 0x00, 0x00, 0x00, 0xFC, 0x15, 0x00, 0x00,
    0xFF, 0xFF, 0x00, 0x00, 0x30, 0x75, 0x00, 0x00, 0x00, 0x00, 0x00, 0x00, 0x00, 0x00, 0x00, 0x00,
    0x03, 0x00, 0x00, 0x00, 0xE8, 0x15, 0x00, 0x00, 0x01, 0x00, 0x00, 0x00, 0xEC, 0x15, 0x00, 0x00,
    0xFF, 0xFF, 0x00, 0x00, 0x30, 0x75, 0x00, 0x00, 0x00, 0x00, 0x00, 0x00, 0x00, 0x00, 0x00, 0x00,
    0x03, 0x00, 0x00, 0x00, 0xD8, 0x15, 0x00, 0x00, 0x01, 0x00, 0x00, 0x00, 0xDC, 0x15, 0x00, 0x00,
    0xFF, 0xFF, 0x00, 0x00, 0x30, 0x75, 0x00, 0x00, 0x00, 0x00, 0x00, 0x00, 0x00, 0x00, 0x00, 0x00,
    0x03, 0x00, 0x00, 0x00, 0xC8, 0x15, 0x00, 0x00, 0x01, 0x00, 0x00, 0x00, 0xCC, 0x15, 0x00, 0x00,
    0xFF, 0xFF, 0x00, 0x00, 0x39, 0x75, 0x00, 0x00, 0x00, 0x00, 0x00, 0x00, 0x00, 0x00, 0x00, 0x00,
    0x04, 0x00, 0x00, 0x00, 0xB8, 0x15, 0x00, 0x00, 0x00, 0x00, 0x00, 0x00, 0x00, 0x00, 0x00, 0x00,
    0xFF, 0xFF, 0x00, 0x00, 0x33, 0x75, 0x00, 0x00, 0x00, 0x00, 0x00, 0x00, 0x00, 0x00, 0x00, 0x00,
    0x04, 0x00, 0x00, 0x00, 0xA8, 0x15, 0x00, 0x00, 0x00, 0x00, 0x00, 0x00, 0x00, 0x00, 0x00, 0x00,
    0xFF, 0xFF, 0x00, 0x00, 0x32, 0x75, 0x00, 0x00, 0x00, 0x00, 0x00, 0x00, 0x00, 0x00, 0x00, 0x00,
    0x03, 0x00, 0x00, 0x00, 0x98, 0x15, 0x00, 0x00, 0x00, 0x00, 0x00, 0x00, 0x00, 0x00, 0x00, 0x00,
    0xFF, 0xFF, 0x00, 0x00, 0x32, 0x75, 0x00, 0x00, 0x00, 0x00, 0x00, 0x00, 0x00, 0x00, 0x00, 0x00,
    0x03, 0x00, 0x00, 0x00, 0x84, 0x15, 0x00, 0x00, 0x00, 0x00, 0x00, 0x00, 0x00, 0x00, 0x00, 0x00,
    0xFF, 0xFF, 0x00, 0x00, 0x32, 0x75, 0x00, 0x00, 0x00, 0x00, 0x00, 0x00, 0x00, 0x00, 0x00, 0x00,
    0x04, 0x00, 0x00, 0x00, 0x70, 0x15, 0x00, 0x00, 0x00, 0x00, 0x00, 0x00, 0x00, 0x00, 0x00, 0x00,
    0xFF, 0xFF, 0x00, 0x00, 0x32, 0x75, 0x00, 0x00, 0x00, 0x00, 0x00, 0x00, 0x00, 0x00, 0x00, 0x00,
    0x03, 0x00, 0x00, 0x00, 0x60, 0x15, 0x00, 0x00, 0x00, 0x00, 0x00, 0x00, 0x00, 0x00, 0x00, 0x00,
    0xFF, 0xFF, 0x00, 0x00, 0x32, 0x75, 0x00, 0x00, 0x00, 0x00, 0x00, 0x00, 0x00, 0x00, 0x00, 0x00,
    0x04, 0x00, 0x00, 0x00, 0x4C, 0x15, 0x00, 0x00, 0x00, 0x00, 0x00, 0x00, 0x00, 0x00, 0x00, 0x00,
    0xFF, 0xFF, 0x00, 0x00, 0x32, 0x75, 0x00, 0x00, 0x00, 0x00, 0x00, 0x00, 0x00, 0x00, 0x00, 0x00,
    0x03, 0x00, 0x00, 0x00, 0x3C, 0x15, 0x00, 0x00, 0x00, 0x00, 0x00, 0x00, 0x00, 0x00, 0x00, 0x00,
    0xFF, 0xFF, 0x00, 0x00, 0x32, 0x75, 0x00, 0x00, 0x00, 0x00, 0x00, 0x00, 0x00, 0x00, 0x00, 0x00,
    0x04, 0x00, 0x00, 0x00, 0x28, 0x15, 0x00, 0x00, 0x00, 0x00, 0x00, 0x00, 0x00, 0x00, 0x00, 0x00,
    0xFF, 0xFF, 0x00, 0x00, 0x32, 0x75, 0x00, 0x00, 0x00, 0x00, 0x00, 0x00, 0x00, 0x00, 0x00, 0x00,
    0x03, 0x00, 0x00, 0x00, 0x18, 0x15, 0x00, 0x00, 0x00, 0x00, 0x00, 0x00, 0x00, 0x00, 0x00, 0x00,
    0xFF, 0xFF, 0x00, 0x00, 0x32, 0x75, 0x00, 0x00, 0x00, 0x00, 0x00, 0x00, 0x00, 0x00, 0x00, 0x00,
    0x04, 0x00, 0x00, 0x00, 0x04, 0x15, 0x00, 0x00, 0x00, 0x00, 0x00, 0x00, 0x00, 0x00, 0x00, 0x00,
    0xFF, 0xFF, 0x00, 0x00, 0x32, 0x75, 0x00, 0x00, 0x00, 0x00, 0x00, 0x00, 0x00, 0x00, 0x00, 0x00,
    0x03, 0x00, 0x00, 0x00, 0xF4, 0x14, 0x00, 0x00, 0x00, 0x00, 0x00, 0x00, 0x00, 0x00, 0x00, 0x00,
    0xFF, 0xFF, 0x00, 0x00, 0x32, 0x75, 0x00, 0x00, 0x00, 0x00, 0x00, 0x00, 0x00, 0x00, 0x00, 0x00,
    0x04, 0x00, 0x00, 0x00, 0xE0, 0x14, 0x00, 0x00, 0x00, 0x00, 0x00, 0x00, 0x00, 0x00, 0x00, 0x00,
    0xFF, 0xFF, 0x00, 0x00, 0x32, 0x75, 0x00, 0x00, 0x00, 0x00, 0x00, 0x00, 0x00, 0x00, 0x00, 0x00,
    0x03, 0x00, 0x00, 0x00, 0xD0, 0x14, 0x00, 0x00, 0x00, 0x00, 0x00, 0x00, 0x00, 0x00, 0x00, 0x00,
    0xFF, 0xFF, 0x00, 0x00, 0x32, 0x75, 0x00, 0x00, 0x00, 0x00, 0x00, 0x00, 0x00, 0x00, 0x00, 0x00,
    0x04, 0x00, 0x00, 0x00, 0xBC, 0x14, 0x00, 0x00, 0x00, 0x00, 0x00, 0x00, 0x00, 0x00, 0x00, 0x00,
    0xFF, 0xFF, 0x00, 0x00, 0x32, 0x75, 0x00, 0x00, 0x00, 0x00, 0x00, 0x00, 0x00, 0x00, 0x00, 0x00,
    0x03, 0x00, 0x00, 0x00, 0xAC, 0x14, 0x00, 0x00, 0x00, 0x00, 0x00, 0x00, 0x00, 0x00, 0x00, 0x00,
    0xFF, 0xFF, 0x00, 0x00, 0x32, 0x75, 0x00, 0x00, 0x00, 0x00, 0x00, 0x00, 0x00, 0x00, 0x00, 0x00,
    0x04, 0x00, 0x00, 0x00, 0x98, 0x14, 0x00, 0x00, 0x00, 0x00, 0x00, 0x00, 0x00, 0x00, 0x00, 0x00,
    0xFF, 0xFF, 0x00, 0x00, 0x32, 0x75, 0x00, 0x00, 0x00, 0x00, 0x00, 0x00, 0x00, 0x00, 0x00, 0x00,
    0x03, 0x00, 0x00, 0x00, 0x88, 0x14, 0x00, 0x00, 0x00, 0x00, 0x00, 0x00, 0x00, 0x00, 0x00, 0x00,
    0xFF, 0xFF, 0x00, 0x00, 0x32, 0x75, 0x00, 0x00, 0x00, 0x00, 0x00, 0x00, 0x00, 0x00, 0x00, 0x00,
    0x04, 0x00, 0x00, 0x00, 0x74, 0x14, 0x00, 0x00, 0x00, 0x00, 0x00, 0x00, 0x00, 0x00, 0x00, 0x00,
    0xFF, 0xFF, 0x00, 0x00, 0x32, 0x75, 0x00, 0x00, 0x00, 0x00, 0x00, 0x00, 0x00, 0x00, 0x00, 0x00,
    0x03, 0x00, 0x00, 0x00, 0x64, 0x14, 0x00, 0x00, 0x00, 0x00, 0x00, 0x00, 0x00, 0x00, 0x00, 0x00,
    0xFF, 0xFF, 0x00, 0x00, 0x32, 0x75, 0x00, 0x00, 0x00, 0x00, 0x00, 0x00, 0x00, 0x00, 0x00, 0x00,
    0x04, 0x00, 0x00, 0x00, 0x50, 0x14, 0x00, 0x00, 0x00, 0x00, 0x00, 0x00, 0x00, 0x00, 0x00, 0x00,
    0xFF, 0xFF, 0x00, 0x00, 0x32, 0x75, 0x00, 0x00, 0x00, 0x00, 0x00, 0x00, 0x00, 0x00, 0x00, 0x00,
    0x03, 0x00, 0x00, 0x00, 0x40, 0x14, 0x00, 0x00, 0x00, 0x00, 0x00, 0x00, 0x00, 0x00, 0x00, 0x00,
    0xFF, 0xFF, 0x00, 0x00, 0x32, 0x75, 0x00, 0x00, 0x00, 0x00, 0x00, 0x00, 0x00, 0x00, 0x00, 0x00,
    0x04, 0x00, 0x00, 0x00, 0x2C, 0x14, 0x00, 0x00, 0x00, 0x00, 0x00, 0x00, 0x00, 0x00, 0x00, 0x00,
    0xFF, 0xFF, 0x00, 0x00, 0x32, 0x75, 0x00, 0x00, 0x00, 0x00, 0x00, 0x00, 0x00, 0x00, 0x00, 0x00,
    0x03, 0x00, 0x00, 0x00, 0x1C, 0x14, 0x00, 0x00, 0x00, 0x00, 0x00, 0x00, 0x00, 0x00, 0x00, 0x00,
    0xFF, 0xFF, 0x00, 0x00, 0x32, 0x75, 0x00, 0x00, 0x00, 0x00, 0x00, 0x00, 0x00, 0x00, 0x00, 0x00,
    0x04, 0x00, 0x00, 0x00, 0x08, 0x14, 0x00, 0x00, 0x00, 0x00, 0x00, 0x00, 0x00, 0x00, 0x00, 0x00,
    0xFF, 0xFF, 0x00, 0x00, 0x32, 0x75, 0x00, 0x00, 0x00, 0x00, 0x00, 0x00, 0x00, 0x00, 0x00, 0x00,
    0x03, 0x00, 0x00, 0x00, 0xF8, 0x13, 0x00, 0x00, 0x00, 0x00, 0x00, 0x00, 0x00, 0x00, 0x00, 0x00,
    0xFF, 0xFF, 0x00, 0x00, 0x32, 0x75, 0x00, 0x00, 0x00, 0x00, 0x00, 0x00, 0x00, 0x00, 0x00, 0x00,
    0x04, 0x00, 0x00, 0x00, 0xE4, 0x13, 0x00, 0x00, 0x00, 0x00, 0x00, 0x00, 0x00, 0x00, 0x00, 0x00,
    0xFF, 0xFF, 0x00, 0x00, 0x32, 0x75, 0x00, 0x00, 0x00, 0x00, 0x00, 0x00, 0x00, 0x00, 0x00, 0x00,
    0x03, 0x00, 0x00, 0x00, 0xD4, 0x13, 0x00, 0x00, 0x00, 0x00, 0x00, 0x00, 0x00, 0x00, 0x00, 0x00,
    0xFF, 0xFF, 0x00, 0x00, 0x32, 0x75, 0x00, 0x00, 0x00, 0x00, 0x00, 0x00, 0x00, 0x00, 0x00, 0x00,
    0x04, 0x00, 0x00, 0x00, 0xC0, 0x13, 0x00, 0x00, 0x00, 0x00, 0x00, 0x00, 0x00, 0x00, 0x00, 0x00,
    0xFF, 0xFF, 0x00, 0x00, 0x32, 0x75, 0x00, 0x00, 0x00, 0x00, 0x00, 0x00, 0x00, 0x00, 0x00, 0x00,
    0x03, 0x00, 0x00, 0x00, 0xB0, 0x13, 0x00, 0x00, 0x00, 0x00, 0x00, 0x00, 0x00, 0x00, 0x00, 0x00,
    0xFF, 0xFF, 0x00, 0x00, 0x32, 0x75, 0x00, 0x00, 0x00, 0x00, 0x00, 0x00, 0x00, 0x00, 0x00, 0x00,
    0x04, 0x00, 0x00, 0x00, 0x9C, 0x13, 0x00, 0x00, 0x00, 0x00, 0x00, 0x00, 0x00, 0x00, 0x00, 0x00,
    0xFF, 0xFF, 0x00, 0x00, 0x32, 0x75, 0x00, 0x00, 0x00, 0x00, 0x00, 0x00, 0x00, 0x00, 0x00, 0x00,
    0x03, 0x00, 0x00, 0x00, 0x8C, 0x13, 0x00, 0x00, 0x00, 0x00, 0x00, 0x00, 0x00, 0x00, 0x00, 0x00,
    0xFF, 0xFF, 0x00, 0x00, 0x32, 0x75, 0x00, 0x00, 0x00, 0x00, 0x00, 0x00, 0x00, 0x00, 0x00, 0x00,
    0x04, 0x00, 0x00, 0x00, 0x78, 0x13, 0x00, 0x00, 0x00, 0x00, 0x00, 0x00, 0x00, 0x00, 0x00, 0x00,
    0xFF, 0xFF, 0x00, 0x00, 0x32, 0x75, 0x00, 0x00, 0x00, 0x00, 0x00, 0x00, 0x00, 0x00, 0x00, 0x00,
    0x03, 0x00, 0x00, 0x00, 0x68, 0x13, 0x00, 0x00, 0x00, 0x00, 0x00, 0x00, 0x00, 0x00, 0x00, 0x00,
    0xFF, 0xFF, 0x00, 0x00, 0x32, 0x75, 0x00, 0x00, 0x00, 0x00, 0x00, 0x00, 0x00, 0x00, 0x00, 0x00,
    0x04, 0x00, 0x00, 0x00, 0x54, 0x13, 0x00, 0x00, 0x00, 0x00, 0x00, 0x00, 0x00, 0x00, 0x00, 0x00,
    0xFF, 0xFF, 0x00, 0x00, 0x32, 0x75, 0x00, 0x00, 0x00, 0x00, 0x00, 0x00, 0x00, 0x00, 0x00, 0x00,
    0x03, 0x00, 0x00, 0x00, 0x44, 0x13, 0x00, 0x00, 0x00, 0x00, 0x00, 0x00, 0x00, 0x00, 0x00, 0x00,
    0xFF, 0xFF, 0x00, 0x00, 0x32, 0x75, 0x00, 0x00, 0x00, 0x00, 0x00, 0x00, 0x00, 0x00, 0x00, 0x00,
    0x04, 0x00, 0x00, 0x00, 0x30, 0x13, 0x00, 0x00, 0x00, 0x00, 0x00, 0x00, 0x00, 0x00, 0x00, 0x00,
    0xFF, 0xFF, 0x00, 0x00, 0x32, 0x75, 0x00, 0x00, 0x00, 0x00, 0x00, 0x00, 0x00, 0x00, 0x00, 0x00,
    0x03, 0x00, 0x00, 0x00, 0x20, 0x13, 0x00, 0x00, 0x00, 0x00, 0x00, 0x00, 0x00, 0x00, 0x00, 0x00,
    0xFF, 0xFF, 0x00, 0x00, 0x32, 0x75, 0x00, 0x00, 0x00, 0x00, 0x00, 0x00, 0x00, 0x00, 0x00, 0x00,
    0x04, 0x00, 0x00, 0x00, 0x0C, 0x13, 0x00, 0x00, 0x00, 0x00, 0x00, 0x00, 0x00, 0x00, 0x00, 0x00,
    0xFF, 0xFF, 0x00, 0x00, 0x4D, 0x61, 0x6D, 0x6D, 0x61, 0x6D, 0x69, 0x61, 0x00, 0x00, 0x00, 0x00,
    0x00, 0x00, 0x00, 0x00, 0x00, 0x00, 0x00, 0x00, 0x00, 0x00, 0x00, 0x00, 0x00, 0x00, 0x00, 0x00,
    0x00, 0x00, 0x00, 0x00, 0x00, 0x00, 0x00, 0x00, 0x5B, 0x55, 0x74, 0x69, 0x6C, 0x69, 0x74, 0x79,
    0x5D, 0x20, 0x42, 0x61, 0x63, 0x6B, 0x66, 0x6C, 0x75, 0x73, 0x68, 0x20, 0x64, 0x61, 0x69, 0x6C,
    0x79, 0x20, 0x70, 0x72, 0x6F, 0x66, 0x69, 0x6C, 0x65, 0x00, 0x00, 0x00, 0x30, 0x3A, 0x31, 0x35,
    0x00, 0x00, 0x00, 0x00, 0x5B, 0x55, 0x74, 0x69, 0x6C, 0x69, 0x74, 0x79, 0x5D, 0x20, 0x42, 0x61,
    0x63, 0x6B, 0x66, 0x6C, 0x75, 0x73, 0x68, 0x20, 0x64, 0x61, 0x69, 0x6C, 0x79, 0x20, 0x70, 0x72,
    0x6F, 0x66, 0x69, 0x6C, 0x65, 0x00, 0x00, 0x00, 0x30, 0x3A, 0x31, 0x35, 0x00, 0x00, 0x00, 0x00,
    0x30, 0x3A, 0x34, 0x30, 0x00, 0x00, 0x00, 0x00, 0x42, 0x72, 0x65, 0x77, 0x00, 0x00, 0x00, 0x00,
    0x44, 0x72, 0x69, 0x70, 0x70, 0x69, 0x6E, 0x67, 0x00, 0x00, 0x00, 0x00, 0x30, 0x3A, 0x31, 0x34,
    0x00, 0x00, 0x00, 0x00, 0x6C, 0x12, 0x00, 0x00, 0x6C, 0x12, 0x00, 0x00, 0x6C, 0x12, 0x00, 0x00,
    0x6C, 0x12, 0x00, 0x00, 0x74, 0x12, 0x00, 0x00, 0x74, 0x12, 0x00, 0x00, 0x74, 0x12, 0x00, 0x00,
    0x74, 0x12, 0x00, 0x00, 0x7C, 0x12, 0x00, 0x00, 0x7C, 0x12, 0x00, 0x00, 0x7C, 0x12, 0x00, 0x00,
    0x7C, 0x12, 0x00, 0x00, 0x8C, 0x12, 0x00, 0x00, 0x8C, 0x12, 0x00, 0x00, 0x8C, 0x12, 0x00, 0x00,
    0x8C, 0x12, 0x00, 0x00, 0x9C, 0x12, 0x00, 0x00, 0x9C, 0x12, 0x00, 0x00, 0x9C, 0x12, 0x00, 0x00,
    0x9C, 0x12, 0x00, 0x00, 0xA4, 0x12, 0x00, 0x00, 0xA4, 0x12, 0x00, 0x00, 0xA4, 0x12, 0x00, 0x00,
    0xA4, 0x12, 0x00, 0x00, 0xAC, 0x12, 0x00, 0x00, 0xAC, 0x12, 0x00, 0x00, 0xAC, 0x12, 0x00, 0x00,
    0xAC, 0x12, 0x00, 0x00, 0xB4, 0x12, 0x00, 0x00, 0xB4, 0x12, 0x00, 0x00, 0xB4, 0x12, 0x00, 0x00,
    0xB4, 0x12, 0x00, 0x00, 0xBC, 0x12, 0x00, 0x00, 0xC0, 0x12, 0x00, 0x00, 0xC8, 0x12, 0x00, 0x00,
    0xC8, 0x12, 0x00, 0x00, 0xC8, 0x12, 0x00, 0x00, 0xC8, 0x12, 0x00, 0x00, 0xD8, 0x12, 0x00, 0x00,
    0xD8, 0x12, 0x00, 0x00, 0xD8, 0x12, 0x00, 0x00, 0xD8, 0x12, 0x00, 0x00, 0xD8, 0x12, 0x00, 0x00,
    0xD8, 0x12, 0x00, 0x00, 0xD8, 0x12, 0x00, 0x00, 0xE0, 0x12, 0x00, 0x00, 0xE4, 0x12, 0x00, 0x00,
    0xE4, 0x12, 0x00, 0x00, 0xE4, 0x12, 0x00, 0x00, 0xE4, 0x12, 0x00, 0x00, 0xF4, 0x12, 0x00, 0x00,
    0xF4, 0x12, 0x00, 0x00, 0xF4, 0x12, 0x00, 0x00, 0xF4, 0x12, 0x00, 0x00, 0xF4, 0x12, 0x00, 0x00,
    0xF4, 0x12, 0x00, 0x00, 0xF4, 0x12, 0x00, 0x00, 0xF4, 0x12, 0x00, 0x00, 0xF4, 0x12, 0x00, 0x00,
    0xF4, 0x12, 0x00, 0x00, 0xFC, 0x12, 0x00, 0x00, 0xFC, 0x12, 0x00, 0x00, 0xFC, 0x12, 0x00, 0x00,
    0xFC, 0x12, 0x00, 0x00, 0x00, 0x13, 0x00, 0x00, 0x00, 0x13, 0x00, 0x00, 0x00, 0x13, 0x00, 0x00,
    0x00, 0x13, 0x00, 0x00, 0x10, 0x13, 0x00, 0x00, 0x14, 0x13, 0x00, 0x00, 0x14, 0x13, 0x00, 0x00,
    0x14, 0x13, 0x00, 0x00, 0x14, 0x13, 0x00, 0x00, 0x18, 0x13, 0x00, 0x00, 0x18, 0x13, 0x00, 0x00,
    0x18, 0x13, 0x00, 0x00, 0x18, 0x13, 0x00, 0x00, 0x20, 0x13, 0x00, 0x00, 0x20, 0x13, 0x00, 0x00,
    0x20, 0x13, 0x00, 0x00, 0x20, 0x13, 0x00, 0x00, 0x28, 0x13, 0x00, 0x00, 0x28, 0x13, 0x00, 0x00,
    0x28, 0x13, 0x00, 0x00, 0x28, 0x13, 0x00, 0x00, 0x30, 0x13, 0x00, 0x00, 0x30, 0x13, 0x00, 0x00,
    0x30, 0x13, 0x00, 0x00, 0x30, 0x13, 0x00, 0x00, 0x38, 0x13, 0x00, 0x00, 0x3C, 0x13, 0x00, 0x00,
    0x3C, 0x13, 0x00, 0x00, 0x3C, 0x13, 0x00, 0x00, 0x3C, 0x13, 0x00, 0x00, 0x3C, 0x13, 0x00, 0x00,
    0x3C, 0x13, 0x00, 0x00, 0x3C, 0x13, 0x00, 0x00, 0x3C, 0x13, 0x00, 0x00, 0x3C, 0x13, 0x00, 0x00,
    0x3C, 0x13, 0x00, 0x00, 0x3C, 0x13, 0x00, 0x00, 0x3C, 0x13, 0x00, 0x00, 0x44, 0x13, 0x00, 0x00,
    0x4C, 0x13, 0x00, 0x00, 0x4C, 0x13, 0x00, 0x00, 0x4C, 0x13, 0x00, 0x00, 0x4C, 0x13, 0x00, 0x00,
    0x4C, 0x13, 0x00, 0x00, 0x4C, 0x13, 0x00, 0x00, 0x4C, 0x13, 0x00, 0x00, 0x58, 0x13, 0x00, 0x00,
    0x58, 0x13, 0x00, 0x00, 0x58, 0x13, 0x00, 0x00, 0x58, 0x13, 0x00, 0x00, 0x5C, 0x13, 0x00, 0x00,
    0x64, 0x13, 0x00, 0x00, 0x6C, 0x13, 0x00, 0x00, 0x6C, 0x13, 0x00, 0x00, 0x6C, 0x13, 0x00, 0x00,
    0x6C, 0x13, 0x00, 0x00, 0x6C, 0x13, 0x00, 0x00, 0x6C, 0x13, 0x00, 0x00, 0x6C, 0x13, 0x00, 0x00,
    0x7C, 0x13, 0x00, 0x00, 0x84, 0x13, 0x00, 0x00, 0x8C, 0x13, 0x00, 0x00, 0x8C, 0x13, 0x00, 0x00,
    0x8C, 0x13, 0x00, 0x00, 0x8C, 0x13, 0x00, 0x00, 0x94, 0x13, 0x00, 0x00, 0x94, 0x13, 0x00, 0x00,
    0x94, 0x13, 0x00, 0x00, 0x94, 0x13, 0x00, 0x00, 0x98, 0x13, 0x00, 0x00, 0x98, 0x13, 0x00, 0x00,
    0x98, 0x13, 0x00, 0x00, 0x98, 0x13, 0x00, 0x00, 0xAC, 0x13, 0x00, 0x00, 0xAC, 0x13, 0x00, 0x00,
    0xAC, 0x13, 0x00, 0x00, 0xAC, 0x13, 0x00, 0x00, 0xB0, 0x13, 0x00, 0x00, 0xB0, 0x13, 0x00, 0x00,
    0xB0, 0x13, 0x00, 0x00, 0xB0, 0x13, 0x00, 0x00, 0xB0, 0x13, 0x00, 0x00, 0xB0, 0x13, 0x00, 0x00,
    0xB0, 0x13, 0x00, 0x00, 0xB0, 0x13, 0x00, 0x00, 0xB0, 0x13, 0x00, 0x00, 0xB0, 0x13, 0x00, 0x00,
    0xB8, 0x13, 0x00, 0x00, 0xB8, 0x13, 0x00, 0x00, 0xB8, 0x13, 0x00, 0x00, 0xB8, 0x13, 0x00, 0x00,
    0xBC, 0x13, 0x00, 0x00, 0xBC, 0x13, 0x00, 0x00, 0xBC, 0x13, 0x00, 0x00, 0xBC, 0x13, 0x00, 0x00,
    0xC4, 0x13, 0x00, 0x00, 0xC4, 0x13, 0x00, 0x00, 0xC4, 0x13, 0x00, 0x00, 0xC4, 0x13, 0x00, 0x00,
    0xCC, 0x13, 0x00, 0x00, 0xCC, 0x13, 0x00, 0x00, 0xCC, 0x13, 0x00, 0x00, 0xCC, 0x13, 0x00, 0x00,
    0xCC, 0x13, 0x00, 0x00, 0xCC, 0x13, 0x00, 0x00, 0xCC, 0x13, 0x00, 0x00, 0xD8, 0x13, 0x00, 0x00,
    0xD8, 0x13, 0x00, 0x00, 0xD8, 0x13, 0x00, 0x00, 0xD8, 0x13, 0x00, 0x00, 0xE0, 0x13, 0x00, 0x00,
    0xE0, 0x13, 0x00, 0x00, 0xE0, 0x13, 0x00, 0x00, 0xE0, 0x13, 0x00, 0x00, 0xE8, 0x13, 0x00, 0x00,
    0xE8, 0x13, 0x00, 0x00, 0xE8, 0x13, 0x00, 0x00, 0xE8, 0x13, 0x00, 0x00, 0xE8, 0x13, 0x00, 0x00,
    0xE8, 0x13, 0x00, 0x00, 0xE8, 0x13, 0x00, 0x00, 0xF4, 0x13, 0x00, 0x00, 0xF4, 0x13, 0x00, 0x00,
    0xF4, 0x13, 0x00, 0x00, 0xF4, 0x13, 0x00, 0x00, 0xF8, 0x13, 0x00, 0x00, 0xF8, 0x13, 0x00, 0x00,
    0xF8, 0x13, 0x00, 0x00, 0xF8, 0x13, 0x00, 0x00, 0xF8, 0x13, 0x00, 0x00, 0xF8, 0x13, 0x00, 0x00,
    0xF8, 0x13, 0x00, 0x00, 0x00, 0x14, 0x00, 0x00, 0x00, 0x14, 0x00, 0x00, 0x00, 0x14, 0x00, 0x00,
    0x00, 0x14, 0x00, 0x00, 0x08, 0x14, 0x00, 0x00, 0x08, 0x14, 0x00, 0x00, 0x08, 0x14, 0x00, 0x00,
    0x08, 0x14, 0x00, 0x00, 0x18, 0x14, 0x00, 0x00, 0x18, 0x14, 0x00, 0x00, 0x18, 0x14, 0x00, 0x00,
    0x18, 0x14, 0x00, 0x00, 0x20, 0x14, 0x00, 0x00, 0x20, 0x14, 0x00, 0x00, 0x20, 0x14, 0x00, 0x00,
    0x20, 0x14, 0x00, 0x00, 0x20, 0x14, 0x00, 0x00, 0x20, 0x14, 0x00, 0x00, 0x20, 0x14, 0x00, 0x00,
    0x28, 0x14, 0x00, 0x00, 0x28, 0x14, 0x00, 0x00, 0x28, 0x14, 0x00, 0x00, 0x28, 0x14, 0x00, 0x00,
    0x30, 0x14, 0x00, 0x00, 0x30, 0x14, 0x00, 0x00, 0x30, 0x14, 0x00, 0x00, 0x30, 0x14, 0x00, 0x00,
    0x38, 0x14, 0x00, 0x00, 0x38, 0x14, 0x00, 0x00, 0x38, 0x14, 0x00, 0x00, 0x38, 0x14, 0x00, 0x00,
    0x40, 0x14, 0x00, 0x00, 0x40, 0x14, 0x00, 0x00, 0x40, 0x14, 0x00, 0x00, 0x40, 0x14, 0x00, 0x00,
    0x48, 0x14, 0x00, 0x00, 0x50, 0x14, 0x00, 0x00, 0x50, 0x14, 0x00, 0x00, 0x50, 0x14, 0x00, 0x00,
    0x50, 0x14, 0x00, 0x00, 0x58, 0x14, 0x00, 0x00, 0x58, 0x14, 0x00, 0x00, 0x58, 0x14, 0x00, 0x00,
    0x58, 0x14, 0x00, 0x00, 0x60, 0x14, 0x00, 0x00, 0x68, 0x14, 0x00, 0x00, 0x68, 0x14, 0x00, 0x00,
    0x68, 0x14, 0x00, 0x00, 0x68, 0x14, 0x00, 0x00, 0x68, 0x14, 0x00, 0x00, 0x68, 0x14, 0x00, 0x00,
    0x68, 0x14, 0x00, 0x00, 0x68, 0x14, 0x00, 0x00, 0x68, 0x14, 0x00, 0x00, 0x68, 0x14, 0x00, 0x00,
    0x68, 0x14, 0x00, 0x00, 0x68, 0x14, 0x00, 0x00, 0x70, 0x14, 0x00, 0x00, 0x78, 0x14, 0x00, 0x00,
    0x78, 0x14, 0x00, 0x00, 0x78, 0x14, 0x00, 0x00, 0x78, 0x14, 0x00, 0x00, 0x78, 0x14, 0x00, 0x00,
    0x78, 0x14, 0x00, 0x00, 0x78, 0x14, 0x00, 0x00, 0x7C, 0x14, 0x00, 0x00, 0x80, 0x14, 0x00, 0x00,
    0x80, 0x14, 0x00, 0x00, 0x80, 0x14, 0x00, 0x00, 0x80, 0x14, 0x00, 0x00, 0x88, 0x14, 0x00, 0x00,
    0x94, 0x14, 0x00, 0x00, 0x94, 0x14, 0x00, 0x00, 0x94, 0x14, 0x00, 0x00, 0x94, 0x14, 0x00, 0x00,
    0xA0, 0x14, 0x00, 0x00, 0xA0, 0x14, 0x00, 0x00, 0xA0, 0x14, 0x00, 0x00, 0xA0, 0x14, 0x00, 0x00,
    0xA0, 0x14, 0x00, 0x00, 0xA0, 0x14, 0x00, 0x00, 0xA0, 0x14, 0x00, 0x00, 0xA4, 0x14, 0x00, 0x00,
    0xA4, 0x14, 0x00, 0x00, 0xA4, 0x14, 0x00, 0x00, 0xA4, 0x14, 0x00, 0x00, 0xAC, 0x14, 0x00, 0x00,
    0xAC, 0x14, 0x00, 0x00, 0xAC, 0x14, 0x00, 0x00, 0xAC, 0x14, 0x00, 0x00, 0xB0, 0x14, 0x00, 0x00,
    0xB8, 0x14, 0x00, 0x00, 0xB8, 0x14, 0x00, 0x00, 0xB8, 0x14, 0x00, 0x00, 0xB8, 0x14, 0x00, 0x00,
    0xC0, 0x14, 0x00, 0x00, 0xC8, 0x14, 0x00, 0x00, 0xC8, 0x14, 0x00, 0x00, 0xC8, 0x14, 0x00, 0x00,
    0xC8, 0x14, 0x00, 0x00, 0xF0, 0x14, 0x00, 0x00, 0xF0, 0x14, 0x00, 0x00, 0xF0, 0x14, 0x00, 0x00,
    0xF0, 0x14, 0x00, 0x00, 0xF4, 0x14, 0x00, 0x00, 0xF4, 0x14, 0x00, 0x00, 0xF4, 0x14, 0x00, 0x00,
    0xF4, 0x14, 0x00, 0x00, 0xF8, 0x14, 0x00, 0x00, 0xF8, 0x14, 0x00, 0x00, 0xF8, 0x14, 0x00, 0x00,
    0xF8, 0x14, 0x00, 0x00, 0xFC, 0x14, 0x00, 0x00, 0xFC, 0x14, 0x00, 0x00, 0xFC, 0x14, 0x00, 0x00,
    0xFC, 0x14, 0x00, 0x00, 0x00, 0x15, 0x00, 0x00, 0x00, 0x15, 0x00, 0x00, 0x00, 0x15, 0x00, 0x00,
    0x00, 0x15, 0x00, 0x00, 0x04, 0x15, 0x00, 0x00, 0x38, 0x15, 0x00, 0x00, 0x38, 0x15, 0x00, 0x00,
    0x38, 0x15, 0x00, 0x00, 0x38, 0x15, 0x00, 0x00, 0x48, 0x15, 0x00, 0x00, 0x54, 0x15, 0x00, 0x00,
    0x54, 0x15, 0x00, 0x00, 0x54, 0x15, 0x00, 0x00, 0x54, 0x15, 0x00, 0x00, 0x54, 0x15, 0x00, 0x00,
    0x54, 0x15, 0x00, 0x00, 0x54, 0x15, 0x00, 0x00, 0x54, 0x15, 0x00, 0x00, 0x54, 0x15, 0x00, 0x00,
    0x54, 0x15, 0x00, 0x00, 0x54, 0x15, 0x00, 0x00, 0x54, 0x15, 0x00, 0x00, 0x5C, 0x15, 0x00, 0x00,
    0x5C, 0x15, 0x00, 0x00, 0x5C, 0x15, 0x00, 0x00, 0x5C, 0x15, 0x00, 0x00, 0x5C, 0x15, 0x00, 0x00,
    0x5C, 0x15, 0x00, 0x00, 0x5C, 0x15, 0x00, 0x00, 0x64, 0x15, 0x00, 0x00, 0x64, 0x15, 0x00, 0x00,
    0x64, 0x15, 0x00, 0x00, 0x64, 0x15, 0x00, 0x00, 0x6C, 0x15, 0x00, 0x00, 0x6C, 0x15, 0x00, 0x00,
    0x6C, 0x15, 0x00, 0x00, 0x6C, 0x15, 0x00, 0x00, 0x74, 0x15, 0x00, 0x00, 0x74, 0x15, 0x00, 0x00,
    0x74, 0x15, 0x00, 0x00, 0x74, 0x15, 0x00, 0x00, 0x7C, 0x15, 0x00, 0x00, 0x84, 0x15, 0x00, 0x00,
    0x84, 0x15, 0x00, 0x00, 0x84, 0x15, 0x00, 0x00, 0x84, 0x15, 0x00, 0x00, 0x84, 0x15, 0x00, 0x00,
    0x84, 0x15, 0x00, 0x00, 0x84, 0x15, 0x00, 0x00, 0x84, 0x15, 0x00, 0x00, 0x84, 0x15, 0x00, 0x00,
    0x84, 0x15, 0x00, 0x00, 0x84, 0x15, 0x00, 0x00, 0x84, 0x15, 0x00, 0x00, 0x8C, 0x15, 0x00, 0x00,
    0x8C, 0x15, 0x00, 0x00, 0x8C, 0x15, 0x00, 0x00, 0x8C, 0x15, 0x00, 0x00, 0x8C, 0x15, 0x00, 0x00,
    0x8C, 0x15, 0x00, 0x00, 0x8C, 0x15, 0x00, 0x00, 0x94, 0x15, 0x00, 0x00, 0x94, 0x15, 0x00, 0x00,
    0x94, 0x15, 0x00, 0x00, 0x94, 0x15, 0x00, 0x00, 0x9C, 0x15, 0x00, 0x00, 0x9C, 0x15, 0x00, 0x00,
    0x9C, 0x15, 0x00, 0x00, 0x9C, 0x15, 0x00, 0x00, 0xA4, 0x15, 0x00, 0x00, 0xA4, 0x15, 0x00, 0x00,
    0xA4, 0x15, 0x00, 0x00, 0xA4, 0x15, 0x00, 0x00, 0xAC, 0x15, 0x00, 0x00, 0xB4, 0x15, 0x00, 0x00,
    0xB4, 0x15, 0x00, 0x00, 0xB4, 0x15, 0x00, 0x00, 0xB4, 0x15, 0x00, 0x00, 0xBC, 0x15, 0x00, 0x00,
    0xBC, 0x15, 0x00, 0x00, 0xBC, 0x15, 0x00, 0x00, 0xBC, 0x15, 0x00, 0x00, 0xBC, 0x15, 0x00, 0x00,
    0xBC, 0x15, 0x00, 0x00, 0xBC, 0x15, 0x00, 0x00, 0xC4, 0x15, 0x00, 0x00, 0xC4, 0x15, 0x00, 0x00,
    0xC4, 0x15, 0x00, 0x00, 0xC4, 0x15, 0x00, 0x00, 0xCC, 0x15, 0x00, 0x00, 0xCC, 0x15, 0x00, 0x00,
    0xCC, 0x15, 0x00, 0x00, 0xCC, 0x15, 0x00, 0x00, 0xD4, 0x15, 0x00, 0x00, 0xD4, 0x15, 0x00, 0x00,
    0xD4, 0x15, 0x00, 0x00, 0xD4, 0x15, 0x00, 0x00, 0xDC, 0x15, 0x00, 0x00, 0xDC, 0x15, 0x00, 0x00,
    0xDC, 0x15, 0x00, 0x00, 0xDC, 0x15, 0x00, 0x00, 0xE4, 0x15, 0x00, 0x00, 0xE4, 0x15, 0x00, 0x00,
    0xE4, 0x15, 0x00, 0x00, 0xE4, 0x15, 0x00, 0x00, 0x0C, 0x16, 0x00, 0x00, 0x0C, 0x16, 0x00, 0x00,
    0x0C, 0x16, 0x00, 0x00, 0x0C, 0x16, 0x00, 0x00, 0x0C, 0x16, 0x00, 0x00, 0x0C, 0x16, 0x00, 0x00,
    0x0C, 0x16, 0x00, 0x00, 0x0C, 0x16, 0x00, 0x00, 0x0C, 0x16, 0x00, 0x00, 0x0C, 0x16, 0x00, 0x00,
    0x0C, 0x16, 0x00, 0x00, 0x0C, 0x16, 0x00, 0x00, 0x14, 0x16, 0x00, 0x00, 0x1C, 0x16, 0x00, 0x00,
    0x1C, 0x16, 0x00, 0x00, 0x1C, 0x16, 0x00, 0x00, 0x1C, 0x16, 0x00, 0x00, 0x1C, 0x16, 0x00, 0x00,
    0x1C, 0x16, 0x00, 0x00, 0x1C, 0x16, 0x00, 0x00, 0x1C, 0x16, 0x00, 0x00, 0x1C, 0x16, 0x00, 0x00,
    0x1C, 0x16, 0x00, 0x00, 0x1C, 0x16, 0x00, 0x00, 0x1C, 0x16, 0x00, 0x00, 0x1C, 0x16, 0x00, 0x00,
    0x1C, 0x16, 0x00, 0x00, 0x1C, 0x16, 0x00, 0x00, 0x1C, 0x16, 0x00, 0x00, 0x28, 0x16, 0x00, 0x00,
    0x28, 0x16, 0x00, 0x00, 0x28, 0x16, 0x00, 0x00, 0x28, 0x16, 0x00, 0x00, 0x30, 0x16, 0x00, 0x00,
    0x30, 0x16, 0x00, 0x00, 0x30, 0x16, 0x00, 0x00, 0x30, 0x16, 0x00, 0x00, 0x38, 0x16, 0x00, 0x00,
    0x38, 0x16, 0x00, 0x00, 0x38, 0x16, 0x00, 0x00, 0x38, 0x16, 0x00, 0x00, 0x40, 0x16, 0x00, 0x00,
    0x40, 0x16, 0x00, 0x00, 0x40, 0x16, 0x00, 0x00, 0x40, 0x16, 0x00, 0x00, 0x40, 0x16, 0x00, 0x00,
    0x40, 0x16, 0x00, 0x00, 0x40, 0x16, 0x00, 0x00, 0x40, 0x16, 0x00, 0x00, 0x40, 0x16, 0x00, 0x00,
    0x40, 0x16, 0x00, 0x00, 0x40, 0x16, 0x00, 0x00, 0x40, 0x16, 0x00, 0x00, 0x48, 0x16, 0x00, 0x00,
    0x50, 0x16, 0x00, 0x00, 0x50, 0x16, 0x00, 0x00, 0x50, 0x16, 0x00, 0x00, 0x50, 0x16, 0x00, 0x00,
    0x50, 0x16, 0x00, 0x00, 0x50, 0x16, 0x00, 0x00, 0x50, 0x16, 0x00, 0x00, 0x50, 0x16, 0x00, 0x00,
    0x50, 0x16, 0x00, 0x00, 0x50, 0x16, 0x00, 0x00, 0x50, 0x16, 0x00, 0x00, 0x50, 0x16, 0x00, 0x00,
    0x50, 0x16, 0x00, 0x00, 0x58, 0x16, 0x00, 0x00, 0x58, 0x16, 0x00, 0x00, 0x58, 0x16, 0x00, 0x00,
    0x58, 0x16, 0x00, 0x00, 0x64, 0x16, 0x00, 0x00, 0x64, 0x16, 0x00, 0x00, 0x64, 0x16, 0x00, 0x00,
    0x64, 0x16, 0x00, 0x00, 0x64, 0x16, 0x00, 0x00, 0x64, 0x16, 0x00, 0x00, 0x64, 0x16, 0x00, 0x00,
    0x6C, 0x16, 0x00, 0x00, 0x6C, 0x16, 0x00, 0x00, 0x6C, 0x16, 0x00, 0x00, 0x6C, 0x16, 0x00, 0x00,
    0x74, 0x16, 0x00, 0x00, 0x7C, 0x16, 0x00, 0x00, 0x7C, 0x16, 0x00, 0x00, 0x7C, 0x16, 0x00, 0x00,
    0x7C, 0x16, 0x00, 0x00, 0x7C, 0x16, 0x00, 0x00, 0x7C, 0x16, 0x00, 0x00, 0x7C, 0x16, 0x00, 0x00,
    0x7C, 0x16, 0x00, 0x00, 0x7C, 0x16, 0x00, 0x00, 0x7C, 0x16, 0x00, 0x00, 0x7C, 0x16, 0x00, 0x00,
    0x7C, 0x16, 0x00, 0x00, 0x84, 0x16, 0x00, 0x00, 0x8C, 0x16, 0x00, 0x00, 0x8C, 0x16, 0x00, 0x00,
    0x8C, 0x16, 0x00, 0x00, 0x8C, 0x16, 0x00, 0x00, 0x8C, 0x16, 0x00, 0x00, 0x8C, 0x16, 0x00, 0x00,
    0x8C, 0x16, 0x00, 0x00, 0x98, 0x16, 0x00, 0x00, 0x98, 0x16, 0x00, 0x00, 0x98, 0x16, 0x00, 0x00,
    0x98, 0x16, 0x00, 0x00, 0x98, 0x16, 0x00, 0x00, 0x98, 0x16, 0x00, 0x00, 0x98, 0x16, 0x00, 0x00,
    0x9C, 0x16, 0x00, 0x00, 0x9C, 0x16, 0x00, 0x00, 0x9C, 0x16, 0x00, 0x00, 0x9C, 0x16, 0x00, 0x00,
    0x9C, 0x16, 0x00, 0x00, 0x9C, 0x16, 0x00, 0x00, 0x9C, 0x16, 0x00, 0x00, 0x9C, 0x16, 0x00, 0x00,
    0x9C, 0x16, 0x00, 0x00, 0x9C, 0x16, 0x00, 0x00, 0x9C, 0x16, 0x00, 0x00, 0x9C, 0x16, 0x00, 0x00,
    0x9C, 0x16, 0x00, 0x00, 0xA8, 0x16, 0x00, 0x00, 0xA8, 0x16, 0x00, 0x00, 0xA8, 0x16, 0x00, 0x00,
    0xA8, 0x16, 0x00, 0x00, 0xA8, 0x16, 0x00, 0x00, 0xA8, 0x16, 0x00, 0x00, 0xA8, 0x16, 0x00, 0x00,
    0xAC, 0x16, 0x00, 0x00, 0xAC, 0x16, 0x00, 0x00, 0xAC, 0x16, 0x00, 0x00, 0xAC, 0x16, 0x00, 0x00,
    0xB4, 0x16, 0x00, 0x00, 0xB4, 0x16, 0x00, 0x00, 0xB4, 0x16, 0x00, 0x00, 0xB4, 0x16, 0x00, 0x00,
    0xCC, 0x16, 0x00, 0x00, 0xCC, 0x16, 0x00, 0x00, 0xCC, 0x16, 0x00, 0x00, 0xCC, 0x16, 0x00, 0x00,
    0xCC, 0x16, 0x00, 0x00, 0xCC, 0x16, 0x00, 0x00, 0xCC, 0x16, 0x00, 0x00, 0xD8, 0x16, 0x00, 0x00,
    0xD8, 0x16, 0x00, 0x00, 0xD8, 0x16, 0x00, 0x00, 0xD8, 0x16, 0x00, 0x00, 0xE4, 0x16, 0x00, 0x00,
    0xE4, 0x16, 0x00, 0x00, 0xE4, 0x16, 0x00, 0x00, 0xE4, 0x16, 0x00, 0x00, 0xEC, 0x16, 0x00, 0x00,
    0xEC, 0x16, 0x00, 0x00, 0xEC, 0x16, 0x00, 0x00, 0xEC, 0x16, 0x00, 0x00, 0xF4, 0x16, 0x00, 0x00,
    0xFC, 0x16, 0x00, 0x00, 0xFC, 0x16, 0x00, 0x00, 0xFC, 0x16, 0x00, 0x00, 0xFC, 0x16, 0x00, 0x00,
    0x04, 0x17, 0x00, 0x00, 0x0C, 0x17, 0x00, 0x00, 0x0C, 0x17, 0x00, 0x00, 0x0C, 0x17, 0x00, 0x00,
    0x0C, 0x17, 0x00, 0x00, 0x0C, 0x17, 0x00, 0x00, 0x0C, 0x17, 0x00, 0x00, 0x0C, 0x17, 0x00, 0x00,
    0x0C, 0x17, 0x00, 0x00, 0x0C, 0x17, 0x00, 0x00, 0x0C, 0x17, 0x00, 0x00, 0x0C, 0x17, 0x00, 0x00,
    0x0C, 0x17, 0x00, 0x00, 0x14, 0x17, 0x00, 0x00, 0x1C, 0x17, 0x00, 0x00, 0x1C, 0x17, 0x00, 0x00,
    0x1C, 0x17, 0x00, 0x00, 0x1C, 0x17, 0x00, 0x00, 0x1C, 0x17, 0x00, 0x00, 0x1C, 0x17, 0x00, 0x00,
    0x1C, 0x17, 0x00, 0x00, 0x1C, 0x17, 0x00, 0x00, 0x1C, 0x17, 0x00, 0x00, 0x1C, 0x17, 0x00, 0x00,
    0x24, 0x17, 0x00, 0x00, 0x2C, 0x17, 0x00, 0x00, 0x2C, 0x17, 0x00, 0x00, 0x2C, 0x17, 0x00, 0x00,
    0x2C, 0x17, 0x00, 0x00, 0x3C, 0x17, 0x00, 0x00, 0x44, 0x17, 0x00, 0x00, 0x4C, 0x17, 0x00, 0x00,
    0x54, 0x17, 0x00, 0x00, 0x54, 0x17, 0x00, 0x00, 0x54, 0x17, 0x00, 0x00, 0x54, 0x17, 0x00, 0x00,
    0x5C, 0x17, 0x00, 0x00, 0x5C, 0x17, 0x00, 0x00, 0x5C, 0x17, 0x00, 0x00, 0x5C, 0x17, 0x00, 0x00,
    0x64, 0x17, 0x00, 0x00, 0x6C, 0x17, 0x00, 0x00, 0x6C, 0x17, 0x00, 0x00, 0x6C, 0x17, 0x00, 0x00,
    0x6C, 0x17, 0x00, 0x00, 0x74, 0x17, 0x00, 0x00, 0x74, 0x17, 0x00, 0x00, 0x74, 0x17, 0x00, 0x00,
    0x74, 0x17, 0x00, 0x00, 0x7C, 0x17, 0x00, 0x00, 0x7C, 0x17, 0x00, 0x00, 0x7C, 0x17, 0x00, 0x00,
    0x7C, 0x17, 0x00, 0x00, 0x7C, 0x17, 0x00, 0x00, 0x7C, 0x17, 0x00, 0x00, 0x7C, 0x17, 0x00, 0x00,
    0x84, 0x17, 0x00, 0x00, 0x84, 0x17, 0x00, 0x00, 0x84, 0x17, 0x00, 0x00, 0x84, 0x17, 0x00, 0x00,
    0x8C, 0x17, 0x00, 0x00, 0x8C, 0x17, 0x00, 0x00, 0x8C, 0x17, 0x00, 0x00, 0x8C, 0x17, 0x00, 0x00,
    0x90, 0x17, 0x00, 0x00, 0x90, 0x17, 0x00, 0x00, 0x90, 0x17, 0x00, 0x00, 0x90, 0x17, 0x00, 0x00,
    0x90, 0x17, 0x00, 0x00, 0x90, 0x17, 0x00, 0x00, 0x90, 0x17, 0x00, 0x00, 0x90, 0x17, 0x00, 0x00,
    0x90, 0x17, 0x00, 0x00, 0x90, 0x17, 0x00, 0x00, 0x90, 0x17, 0x00, 0x00, 0x98, 0x17, 0x00, 0x00,
    0x98, 0x17, 0x00, 0x00, 0x98, 0x17, 0x00, 0x00, 0x98, 0x17, 0x00, 0x00, 0xA0, 0x17, 0x00, 0x00,
    0xA0, 0x17, 0x00, 0x00, 0xA0, 0x17, 0x00, 0x00, 0xA0, 0x17, 0x00, 0x00, 0xA0, 0x17, 0x00, 0x00,
    0xA0, 0x17, 0x00, 0x00, 0xA0, 0x17, 0x00, 0x00, 0xA0, 0x17, 0x00, 0x00, 0xA0, 0x17, 0x00, 0x00,
    0xA0, 0x17, 0x00, 0x00, 0xA0, 0x17, 0x00, 0x00, 0xA0, 0x17, 0x00, 0x00, 0xA8, 0x17, 0x00, 0x00,
    0xB0, 0x17, 0x00, 0x00, 0xB0, 0x17, 0x00, 0x00, 0xB0, 0x17, 0x00, 0x00, 0xB0, 0x17, 0x00, 0x00,
    0xB0, 0x17, 0x00, 0x00, 0xB0, 0x17, 0x00, 0x00, 0xB0, 0x17, 0x00, 0x00, 0xB0, 0x17, 0x00, 0x00,
    0xB0, 0x17, 0x00, 0x00, 0xB0, 0x17, 0x00, 0x00, 0xB8, 0x17, 0x00, 0x00, 0xB8, 0x17, 0x00, 0x00,
    0xB8, 0x17, 0x00, 0x00, 0xB8, 0x17, 0x00, 0x00, 0xC0, 0x17, 0x00, 0x00, 0xC0, 0x17, 0x00, 0x00,
    0xC0, 0x17, 0x00, 0x00, 0xC0, 0x17, 0x00, 0x00, 0xC8, 0x17, 0x00, 0x00, 0xC8, 0x17, 0x00, 0x00,
    0xC8, 0x17, 0x00, 0x00, 0xC8, 0x17, 0x00, 0x00, 0xD8, 0x17, 0x00, 0x00, 0xD8, 0x17, 0x00, 0x00,
    0xD8, 0x17, 0x00, 0x00, 0xD8, 0x17, 0x00, 0x00, 0xD8, 0x17, 0x00, 0x00, 0xD8, 0x17, 0x00, 0x00,
    0xD8, 0x17, 0x00, 0x00, 0xF0, 0x17, 0x00, 0x00, 0xF0, 0x17, 0x00, 0x00, 0xF0, 0x17, 0x00, 0x00,
    0xF0, 0x17, 0x00, 0x00, 0xF0, 0x17, 0x00, 0x00, 0xF0, 0x17, 0x00, 0x00, 0xF0, 0x17, 0x00, 0x00,
    0x00, 0x18, 0x00, 0x00, 0x00, 0x18, 0x00, 0x00, 0x00, 0x18, 0x00, 0x00, 0x00, 0x18, 0x00, 0x00,
    0x10, 0x18, 0x00, 0x00, 0x1C, 0x18, 0x00, 0x00, 0x1C, 0x18, 0x00, 0x00, 0x1C, 0x18, 0x00, 0x00,
    0x1C, 0x18, 0x00, 0x00, 0x24, 0x18, 0x00, 0x00, 0x24, 0x18, 0x00, 0x00, 0x24, 0x18, 0x00, 0x00,
    0x24, 0x18, 0x00, 0x00, 0x24, 0x18, 0x00, 0x00, 0x24, 0x18, 0x00, 0x00, 0x24, 0x18, 0x00, 0x00,
    0x2C, 0x18, 0x00, 0x00, 0x2C, 0x18, 0x00, 0x00, 0x2C, 0x18, 0x00, 0x00, 0x2C, 0x18, 0x00, 0x00,
    0x2C, 0x18, 0x00, 0x00, 0x2C, 0x18, 0x00, 0x00, 0x2C, 0x18, 0x00, 0x00, 0x2C, 0x18, 0x00, 0x00,
    0x2C, 0x18, 0x00, 0x00, 0x2C, 0x18, 0x00, 0x00, 0x2C, 0x18, 0x00, 0x00, 0x2C, 0x18, 0x00, 0x00,
    0x2C, 0x18, 0x00, 0x00, 0x2C, 0x18, 0x00, 0x00, 0x2C, 0x18, 0x00, 0x00, 0x2C, 0x18, 0x00, 0x00,
    0x2C, 0x18, 0x00, 0x00, 0x2C, 0x18, 0x00, 0x00, 0x2C, 0x18, 0x00, 0x00, 0x2C, 0x18, 0x00, 0x00,
    0x2C, 0x18, 0x00, 0x00, 0x2C, 0x18, 0x00, 0x00, 0x2C, 0x18, 0x00, 0x00, 0x2C, 0x18, 0x00, 0x00,
    0x2C, 0x18, 0x00, 0x00, 0x2C, 0x18, 0x00, 0x00, 0x2C, 0x18, 0x00, 0x00, 0x2C, 0x18, 0x00, 0x00,
    0x2C, 0x18, 0x00, 0x00, 0x2C, 0x18, 0x00, 0x00, 0x2C, 0x18, 0x00, 0x00, 0x2C, 0x18, 0x00, 0x00,
    0x2C, 0x18, 0x00, 0x00, 0x2C, 0x18, 0x00, 0x00, 0x2C, 0x18, 0x00, 0x00, 0x2C, 0x18, 0x00, 0x00,
    0x2C, 0x18, 0x00, 0x00, 0x2C, 0x18, 0x00, 0x00, 0x2C, 0x18, 0x00, 0x00, 0x2C, 0x18, 0x00, 0x00,
    0x2C, 0x18, 0x00, 0x00, 0x2C, 0x18, 0x00, 0x00, 0x2C, 0x18, 0x00, 0x00, 0x2C, 0x18, 0x00, 0x00,
    0x2C, 0x18, 0x00, 0x00, 0x2C, 0x18, 0x00, 0x00, 0x2C, 0x18, 0x00, 0x00, 0x2C, 0x18, 0x00, 0x00,
    0x2C, 0x18, 0x00, 0x00, 0x2C, 0x18, 0x00, 0x00, 0x2C, 0x18, 0x00, 0x00, 0x2C, 0x18, 0x00, 0x00,
    0x2C, 0x18, 0x00, 0x00, 0x2C, 0x18, 0x00, 0x00, 0x2C, 0x18, 0x00, 0x00, 0x2C, 0x18, 0x00, 0x00,
    0x2C, 0x18, 0x00, 0x00, 0x2C, 0x18, 0x00, 0x00, 0x2C, 0x18, 0x00, 0x00, 0x2C, 0x18, 0x00, 0x00,
    0x2C, 0x18, 0x00, 0x00, 0x2C, 0x18, 0x00, 0x00, 0x2C, 0x18, 0x00, 0x00, 0x2C, 0x18, 0x00, 0x00,
    0x2C, 0x18, 0x00, 0x00, 0x2C, 0x18, 0x00, 0x00, 0x2C, 0x18, 0x00, 0x00, 0x2C, 0x18, 0x00, 0x00,
    0x2C, 0x18, 0x00, 0x00, 0x2C, 0x18, 0x00, 0x00, 0x2C, 0x18, 0x00, 0x00, 0x2C, 0x18, 0x00, 0x00,
    0x2C, 0x18, 0x00, 0x00, 0x2C, 0x18, 0x00, 0x00, 0x2C, 0x18, 0x00, 0x00, 0x2C, 0x18, 0x00, 0x00,
    0x2C, 0x18, 0x00, 0x00, 0x2C, 0x18, 0x00, 0x00, 0x2C, 0x18, 0x00, 0x00, 0x2C, 0x18, 0x00, 0x00,
    0x2C, 0x18, 0x00, 0x00, 0x2C, 0x18, 0x00, 0x00, 0x2C, 0x18, 0x00, 0x00, 0x2C, 0x18, 0x00, 0x00,
    0x2C, 0x18, 0x00, 0x00, 0x2C, 0x18, 0x00, 0x00, 0x2C, 0x18, 0x00, 0x00, 0x2C, 0x18, 0x00, 0x00,
    0x2C, 0x18, 0x00, 0x00, 0x2C, 0x18, 0x00, 0x00, 0x2C, 0x18, 0x00, 0x00, 0x2C, 0x18, 0x00, 0x00,
    0x2C, 0x18, 0x00, 0x00, 0x2C, 0x18, 0x00, 0x00, 0x2C, 0x18, 0x00, 0x00, 0x2C, 0x18, 0x00, 0x00,
    0x2C, 0x18, 0x00, 0x00, 0x2C, 0x18, 0x00, 0x00, 0x2C, 0x18, 0x00, 0x00, 0x2C, 0x18, 0x00, 0x00,
    0x2C, 0x18, 0x00, 0x00, 0x2C, 0x18, 0x00, 0x00, 0x2C, 0x18, 0x00, 0x00, 0x2C, 0x18, 0x00, 0x00,
    0x2C, 0x18, 0x00, 0x00, 0x2C, 0x18, 0x00, 0x00, 0x2C, 0x18, 0x00, 0x00, 0x2C, 0x18, 0x00, 0x00,
    0x2C, 0x18, 0x00, 0x00, 0x2C, 0x18, 0x00, 0x00, 0x2C, 0x18, 0x00, 0x00, 0x2C, 0x18, 0x00, 0x00,
    0x2C, 0x18, 0x00, 0x00, 0x2C, 0x18, 0x00, 0x00, 0x2C, 0x18, 0x00, 0x00, 0x2C, 0x18, 0x00, 0x00,
    0x2C, 0x18, 0x00, 0x00, 0x2C, 0x18, 0x00, 0x00, 0x2C, 0x18, 0x00, 0x00, 0x2C, 0x18, 0x00, 0x00,
    0x2C, 0x18, 0x00, 0x00, 0x2C, 0x18, 0x00, 0x00, 0x2C, 0x18, 0x00, 0x00, 0x2C, 0x18, 0x00, 0x00,
    0x2C, 0x18, 0x00, 0x00, 0x2C, 0x18, 0x00, 0x00, 0x2C, 0x18, 0x00, 0x00, 0x2C, 0x18, 0x00, 0x00,
    0x2C, 0x18, 0x00, 0x00, 0x2C, 0x18, 0x00, 0x00, 0x2C, 0x18, 0x00, 0x00, 0x2C, 0x18, 0x00, 0x00,
    0x2C, 0x18, 0x00, 0x00, 0x2C, 0x18, 0x00, 0x00, 0x2C, 0x18, 0x00, 0x00, 0x2C, 0x18, 0x00, 0x00,
    0x2C, 0x18, 0x00, 0x00, 0x2C, 0x18, 0x00, 0x00, 0x2C, 0x18, 0x00, 0x00, 0x2C, 0x18, 0x00, 0x00,
    0x2C, 0x18, 0x00, 0x00, 0x2C, 0x18, 0x00, 0x00, 0x2C, 0x18, 0x00, 0x00, 0x2C, 0x18, 0x00, 0x00,
    0x2C, 0x18, 0x00, 0x00, 0x2C, 0x18, 0x00, 0x00, 0x2C, 0x18, 0x00, 0x00, 0x2C, 0x18, 0x00, 0x00,
    0x2C, 0x18, 0x00, 0x00, 0x2C, 0x18, 0x00, 0x00, 0x2C, 0x18, 0x00, 0x00, 0x2C, 0x18, 0x00, 0x00,
    0x2C, 0x18, 0x00, 0x00, 0x2C, 0x18, 0x00, 0x00, 0x2C, 0x18, 0x00, 0x00, 0x2C, 0x18, 0x00, 0x00,
    0x2C, 0x18, 0x00, 0x00, 0x2C, 0x18, 0x00, 0x00, 0x2C, 0x18, 0x00, 0x00, 0x2C, 0x18, 0x00, 0x00,
    0x2C, 0x18, 0x00, 0x00, 0x2C, 0x18, 0x00, 0x00, 0x2C, 0x18, 0x00, 0x00, 0x2C, 0x18, 0x00, 0x00,
    0x2C, 0x18, 0x00, 0x00, 0x2C, 0x18, 0x00, 0x00, 0x2C, 0x18, 0x00, 0x00, 0x2C, 0x18, 0x00, 0x00,
    0x2C, 0x18, 0x00, 0x00, 0x2C, 0x18, 0x00, 0x00, 0x2C, 0x18, 0x00, 0x00, 0x2C, 0x18, 0x00, 0x00,
    0x2C, 0x18, 0x00, 0x00, 0x2C, 0x18, 0x00, 0x00, 0x2C, 0x18, 0x00, 0x00, 0x2C, 0x18, 0x00, 0x00,
    0x2C, 0x18, 0x00, 0x00, 0x2C, 0x18, 0x00, 0x00, 0x2C, 0x18, 0x00, 0x00, 0x2C, 0x18, 0x00, 0x00,
    0x2C, 0x18, 0x00, 0x00, 0x2C, 0x18, 0x00, 0x00, 0x2C, 0x18, 0x00, 0x00, 0x2C, 0x18, 0x00, 0x00,
    0x2C, 0x18, 0x00, 0x00, 0x2C, 0x18, 0x00, 0x00, 0x2C, 0x18, 0x00, 0x00, 0x2C, 0x18, 0x00, 0x00,
    0x2C, 0x18, 0x00, 0x00, 0x2C, 0x18, 0x00, 0x00, 0x2C, 0x18, 0x00, 0x00, 0x2C, 0x18, 0x00, 0x00,
    0x2C, 0x18, 0x00, 0x00, 0x30, 0x18, 0x00, 0x00, 0x34, 0x18, 0x00, 0x00, 0x38, 0x18, 0x00, 0x00,
    0x40, 0x18, 0x00, 0x00, 0x40, 0x18, 0x00, 0x00, 0x40, 0x18, 0x00, 0x00, 0x40, 0x18, 0x00, 0x00,
    0x48, 0x18, 0x00, 0x00, 0x4C, 0x18, 0x00, 0x00, 0x50, 0x18, 0x00, 0x00, 0x58, 0x18, 0x00, 0x00,
    0x58, 0x18, 0x00, 0x00, 0x58, 0x18, 0x00, 0x00, 0x58, 0x18, 0x00, 0x00, 0x60, 0x18, 0x00, 0x00,
    0x68, 0x18, 0x00, 0x00, 0x70, 0x18, 0x00, 0x00, 0x78, 0x18, 0x00, 0x00, 0x78, 0x18, 0x00, 0x00,
    0x78, 0x18, 0x00, 0x00, 0x78, 0x18, 0x00, 0x00, 0x84, 0x18, 0x00, 0x00, 0x8C, 0x18, 0x00, 0x00,
    0x8C, 0x18, 0x00, 0x00, 0x8C, 0x18, 0x00, 0x00, 0x8C, 0x18, 0x00, 0x00, 0x94, 0x18, 0x00, 0x00,
    0x9C, 0x18, 0x00, 0x00, 0x9C, 0x18, 0x00, 0x00, 0x9C, 0x18, 0x00, 0x00, 0x9C, 0x18, 0x00, 0x00,
    0x9C, 0x18, 0x00, 0x00, 0xA4, 0x18, 0x00, 0x00, 0xB4, 0x18, 0x00, 0x00, 0xB4, 0x18, 0x00, 0x00,
    0xB4, 0x18, 0x00, 0x00, 0xB4, 0x18, 0x00, 0x00, 0xC0, 0x18, 0x00, 0x00, 0xC0, 0x18, 0x00, 0x00,
    0xC0, 0x18, 0x00, 0x00, 0xC0, 0x18, 0x00, 0x00, 0xCC, 0x18, 0x00, 0x00, 0xD8, 0x18, 0x00, 0x00,
    0xD8, 0x18, 0x00, 0x00, 0xD8, 0x18, 0x00, 0x00, 0xD8, 0x18, 0x00, 0x00, 0xE4, 0x18, 0x00, 0x00,
    0xF0, 0x18, 0x00, 0x00, 0xF0, 0x18, 0x00, 0x00, 0xF0, 0x18, 0x00, 0x00, 0xF0, 0x18, 0x00, 0x00,
    0xF4, 0x18, 0x00, 0x00, 0x00, 0x19, 0x00, 0x00, 0x00, 0x19, 0x00, 0x00, 0x00, 0x19, 0x00, 0x00,
    0x00, 0x19, 0x00, 0x00, 0x08, 0x19, 0x00, 0x00, 0x0C, 0x19, 0x00, 0x00, 0x14, 0x19, 0x00, 0x00,
    0x14, 0x19, 0x00, 0x00, 0x14, 0x19, 0x00, 0x00, 0x14, 0x19, 0x00, 0x00, 0x20, 0x19, 0x00, 0x00,
    0x2C, 0x19, 0x00, 0x00, 0x2C, 0x19, 0x00, 0x00, 0x2C, 0x19, 0x00, 0x00, 0x2C, 0x19, 0x00, 0x00,
    0x30, 0x19, 0x00, 0x00, 0x3C, 0x19, 0x00, 0x00, 0x3C, 0x19, 0x00, 0x00, 0x3C, 0x19, 0x00, 0x00,
    0x3C, 0x19, 0x00, 0x00, 0x44, 0x19, 0x00, 0x00, 0x44, 0x19, 0x00, 0x00, 0x44, 0x19, 0x00, 0x00,
    0x44, 0x19, 0x00, 0x00, 0x54, 0x19, 0x00, 0x00, 0x64, 0x19, 0x00, 0x00, 0x64, 0x19, 0x00, 0x00,
    0x64, 0x19, 0x00, 0x00, 0x64, 0x19, 0x00, 0x00, 0x80, 0x19, 0x00, 0x00, 0x9C, 0x19, 0x00, 0x00,
    0x9C, 0x19, 0x00, 0x00, 0x9C, 0x19, 0x00, 0x00, 0x9C, 0x19, 0x00, 0x00, 0x9C, 0x19, 0x00, 0x00,
    0x9C, 0x19, 0x00, 0x00, 0x9C, 0x19, 0x00, 0x00, 0xA0, 0x19, 0x00, 0x00, 0xA4, 0x19, 0x00, 0x00,
    0xA4, 0x19, 0x00, 0x00, 0xA4, 0x19, 0x00, 0x00, 0xA4, 0x19, 0x00, 0x00, 0xA8, 0x19, 0x00, 0x00,
    0xB0, 0x19, 0x00, 0x00, 0xB0, 0x19, 0x00, 0x00, 0xB0, 0x19, 0x00, 0x00, 0xB0, 0x19, 0x00, 0x00,
    0xB0, 0x19, 0x00, 0x00, 0xB0, 0x19, 0x00, 0x00, 0xB0, 0x19, 0x00, 0x00, 0xB0, 0x19, 0x00, 0x00,
    0xB0, 0x19, 0x00, 0x00, 0xB0, 0x19, 0x00, 0x00, 0xB4, 0x19, 0x00, 0x00, 0xBC, 0x19, 0x00, 0x00,
    0xBC, 0x19, 0x00, 0x00, 0xBC, 0x19, 0x00, 0x00, 0xBC, 0x19, 0x00, 0x00, 0xBC, 0x19, 0x00, 0x00,
    0xBC, 0x19, 0x00, 0x00, 0xBC, 0x19, 0x00, 0x00, 0xC0, 0x19, 0x00, 0x00, 0xC8, 0x19, 0x00, 0x00,
    0xC8, 0x19, 0x00, 0x00, 0xC8, 0x19, 0x00, 0x00, 0xC8, 0x19, 0x00, 0x00, 0xD0, 0x19, 0x00, 0x00,
    0xD0, 0x19, 0x00, 0x00, 0xD0, 0x19, 0x00, 0x00, 0xD0, 0x19, 0x00, 0x00, 0xD8, 0x19, 0x00, 0x00,
    0xD8, 0x19, 0x00, 0x00, 0xD8, 0x19, 0x00, 0x00, 0xD8, 0x19, 0x00, 0x00, 0xE0, 0x19, 0x00, 0x00,
    0xE0, 0x19, 0x00, 0x00, 0xE0, 0x19, 0x00, 0x00, 0xE0, 0x19, 0x00, 0x00, 0xE4, 0x19, 0x00, 0x00,
    0xE4, 0x19, 0x00, 0x00, 0xE4, 0x19, 0x00, 0x00, 0xE4, 0x19, 0x00, 0x00, 0xF0, 0x19, 0x00, 0x00,
    0xF0, 0x19, 0x00, 0x00, 0xF0, 0x19, 0x00, 0x00, 0xF0, 0x19, 0x00, 0x00, 0xF0, 0x19, 0x00, 0x00,
    0xF0, 0x19, 0x00, 0x00, 0xF0, 0x19, 0x00, 0x00, 0xF0, 0x19, 0x00, 0x00, 0xF0, 0x19, 0x00, 0x00,
    0xF0, 0x19, 0x00, 0x00, 0x00, 0x1A, 0x00, 0x00, 0x00, 0x1A, 0x00, 0x00, 0x00, 0x1A, 0x00, 0x00,
    0x00, 0x1A, 0x00, 0x00, 0x00, 0x1A, 0x00, 0x00, 0x00, 0x1A, 0x00, 0x00, 0x00, 0x1A, 0x00, 0x00,
    0x10, 0x1A, 0x00, 0x00, 0x10, 0x1A, 0x00, 0x00, 0x10, 0x1A, 0x00, 0x00, 0x10, 0x1A, 0x00, 0x00,
    0x10, 0x1A, 0x00, 0x00, 0x10, 0x1A, 0x00, 0x00, 0x10, 0x1A, 0x00, 0x00, 0x20, 0x1A, 0x00, 0x00,
    0x20, 0x1A, 0x00, 0x00, 0x20, 0x1A, 0x00, 0x00, 0x20, 0x1A, 0x00, 0x00, 0x20, 0x1A, 0x00, 0x00,
    0x20, 0x1A, 0x00, 0x00, 0x20, 0x1A, 0x00, 0x00, 0x30, 0x1A, 0x00, 0x00, 0x30, 0x1A, 0x00, 0x00,
    0x30, 0x1A, 0x00, 0x00, 0x30, 0x1A, 0x00, 0x00, 0x30, 0x1A, 0x00, 0x00, 0x30, 0x1A, 0x00, 0x00,
    0x30, 0x1A, 0x00, 0x00, 0x40, 0x1A, 0x00, 0x00, 0x40, 0x1A, 0x00, 0x00, 0x40, 0x1A, 0x00, 0x00,
    0x40, 0x1A, 0x00, 0x00, 0x40, 0x1A, 0x00, 0x00, 0x40, 0x1A, 0x00, 0x00, 0x40, 0x1A, 0x00, 0x00,
    0x50, 0x1A, 0x00, 0x00, 0x50, 0x1A, 0x00, 0x00, 0x50, 0x1A, 0x00, 0x00, 0x50, 0x1A, 0x00, 0x00,
    0x50, 0x1A, 0x00, 0x00, 0x50, 0x1A, 0x00, 0x00, 0x50, 0x1A, 0x00, 0x00, 0x60, 0x1A, 0x00, 0x00,
    0x60, 0x1A, 0x00, 0x00, 0x60, 0x1A, 0x00, 0x00, 0x60, 0x1A, 0x00, 0x00, 0x60, 0x1A, 0x00, 0x00,
    0x60, 0x1A, 0x00, 0x00, 0x60, 0x1A, 0x00, 0x00, 0x70, 0x1A, 0x00, 0x00, 0x70, 0x1A, 0x00, 0x00,
    0x70, 0x1A, 0x00, 0x00, 0x70, 0x1A, 0x00, 0x00, 0x70, 0x1A, 0x00, 0x00, 0x70, 0x1A, 0x00, 0x00,
    0x70, 0x1A, 0x00, 0x00, 0x80, 0x1A, 0x00, 0x00, 0x80, 0x1A, 0x00, 0x00, 0x80, 0x1A, 0x00, 0x00,
    0x80, 0x1A, 0x00, 0x00, 0x80, 0x1A, 0x00, 0x00, 0x80, 0x1A, 0x00, 0x00, 0x80, 0x1A, 0x00, 0x00,
    0x90, 0x1A, 0x00, 0x00, 0x90, 0x1A, 0x00, 0x00, 0x90, 0x1A, 0x00, 0x00, 0x90, 0x1A, 0x00, 0x00,
    0x90, 0x1A, 0x00, 0x00, 0x90, 0x1A, 0x00, 0x00, 0x90, 0x1A, 0x00, 0x00, 0xA0, 0x1A, 0x00, 0x00,
    0xA0, 0x1A, 0x00, 0x00, 0xA0, 0x1A, 0x00, 0x00, 0xA0, 0x1A, 0x00, 0x00, 0xA0, 0x1A, 0x00, 0x00,
    0xA0, 0x1A, 0x00, 0x00, 0xA0, 0x1A, 0x00, 0x00, 0xB0, 0x1A, 0x00, 0x00, 0xB0, 0x1A, 0x00, 0x00,
    0xB0, 0x1A, 0x00, 0x00, 0xB0, 0x1A, 0x00, 0x00, 0xB0, 0x1A, 0x00, 0x00, 0xB0, 0x1A, 0x00, 0x00,
    0xB0, 0x1A, 0x00, 0x00, 0xC0, 0x1A, 0x00, 0x00, 0xC0, 0x1A, 0x00, 0x00, 0xC0, 0x1A, 0x00, 0x00,
    0xC0, 0x1A, 0x00, 0x00, 0xC0, 0x1A, 0x00, 0x00, 0xC0, 0x1A, 0x00, 0x00, 0xC0, 0x1A, 0x00, 0x00,
    0xD0, 0x1A, 0x00, 0x00, 0xD0, 0x1A, 0x00, 0x00, 0xD0, 0x1A, 0x00, 0x00, 0xD0, 0x1A, 0x00, 0x00,
    0xD0, 0x1A, 0x00, 0x00, 0xD0, 0x1A, 0x00, 0x00, 0xD0, 0x1A, 0x00, 0x00, 0xE0, 0x1A, 0x00, 0x00,
    0xE0, 0x1A, 0x00, 0x00, 0xE0, 0x1A, 0x00, 0x00, 0xE0, 0x1A, 0x00, 0x00, 0xE0, 0x1A, 0x00, 0x00,
    0xE0, 0x1A, 0x00, 0x00, 0xE0, 0x1A, 0x00, 0x00, 0xF0, 0x1A, 0x00, 0x00, 0xF0, 0x1A, 0x00, 0x00,
    0xF0, 0x1A, 0x00, 0x00, 0xF0, 0x1A, 0x00, 0x00, 0xF0, 0x1A, 0x00, 0x00, 0xF0, 0x1A, 0x00, 0x00,
    0xF0, 0x1A, 0x00, 0x00, 0x00, 0x1B, 0x00, 0x00, 0x00, 0x1B, 0x00, 0x00, 0x00, 0x1B, 0x00, 0x00,
    0x00, 0x1B, 0x00, 0x00, 0x00, 0x1B, 0x00, 0x00, 0x00, 0x1B, 0x00, 0x00, 0x00, 0x1B, 0x00, 0x00,
    0x00, 0xE0, 0x00, 0x00, 0x00, 0xE0, 0x00, 0x00, 0x00, 0xE0, 0x00, 0x00, 0x03, 0x60, 0x02, 0x00,
    0x00, 0xA0, 0x15, 0xC0, 0x00, 0xE0, 0x00, 0x00, 0x00, 0xE0, 0x00, 0x00, 0x00, 0xE0, 0x00, 0x00,
    0x00, 0xE0, 0x00, 0x00, 0x00, 0x00, 0x00, 0x00, 0x00, 0x00, 0x00, 0x00, 0x00, 0x00, 0x00, 0x00,
    0x00, 0xE0, 0x00, 0x00, 0x00, 0xE0, 0x00, 0x00, 0x00, 0xE0, 0x00, 0x00, 0x03, 0x60, 0x03, 0x00,
    0x00, 0xA0, 0x03, 0x60, 0x04, 0x00, 0x00, 0xA0, 0x15, 0xC0, 0x10, 0xC0, 0x00, 0xE0, 0x00, 0x00,
    0x00, 0xE0, 0x00, 0x00, 0x00, 0xE0, 0x00, 0x00, 0x00, 0xE0, 0x00, 0x00, 0x03, 0x60, 0x03, 0x00,
    0x00, 0xA0, 0x03, 0x60, 0x05, 0x00, 0x00, 0xA0, 0x15, 0xC0, 0x10, 0xC0, 0x00, 0xE0, 0x00, 0x00,
    0x00, 0xE0, 0x00, 0x00, 0x00, 0xE0, 0x00, 0x00, 0x00, 0xE0, 0x00, 0x00, 0x03, 0x60, 0x06, 0x00,
    0x00, 0xA0, 0x15, 0xC0, 0x00, 0xE0, 0x00, 0x00, 0x00, 0xE0, 0x00, 0x00, 0x00, 0xE0, 0x00, 0x00,
    0x00, 0xE0, 0x00, 0x00, 0x03, 0x60, 0x07, 0x00, 0x00, 0xA0, 0x15, 0xC0, 0x00, 0xE0, 0x00, 0x00,
    0x00, 0xE0, 0x00, 0x00, 0x00, 0xE0, 0x00, 0x00, 0x00, 0xE0, 0x00, 0x00, 0x03, 0x60, 0x08, 0x00,
    0x00, 0xA0, 0x15, 0xC0, 0x00, 0xE0, 0x00, 0x00, 0x00, 0xE0, 0x00, 0x00, 0x00, 0xE0, 0x00, 0x00,
    0x00, 0xE0, 0x00, 0x00, 0x03, 0x60, 0x03, 0x00, 0x00, 0xA0, 0x15, 0xC0, 0x00, 0xE0, 0x00, 0x00,
    0x03, 0x60, 0x09, 0x00, 0x00, 0xA0, 0x00, 0xE0, 0x00, 0x00, 0x00, 0x00, 0x00, 0x00, 0x00, 0x00,
    0x00, 0x00, 0x00, 0x00, 0x00, 0xE0, 0x00, 0x00, 0x00, 0xE0, 0x00, 0x00, 0x00, 0xE0, 0x00, 0x00,
    0x03, 0x60, 0x06, 0x00, 0x00, 0xA0, 0x15, 0xC0, 0x03, 0x60, 0x0A, 0x00, 0x00, 0xA0, 0x15, 0xC0,
    0x11, 0xC0, 0x00, 0xE0, 0x00, 0xE0, 0x00, 0x00, 0x00, 0xE0, 0x00, 0x00, 0x00, 0xE0, 0x00, 0x00,
    0x00, 0xE0, 0x00, 0x00, 0x00, 0xE0, 0x00, 0x00, 0x00, 0xE0, 0x00, 0x00, 0x03, 0x60, 0x0B, 0x00,
    0x00, 0xA0, 0x15, 0xC0, 0x00, 0xE0, 0x00, 0x00, 0x03, 0x60, 0x0C, 0x00, 0x00, 0xA0, 0x00, 0xE0,
    0x00, 0xE0, 0x00, 0x00, 0x00, 0xE0, 0x00, 0x00, 0x00, 0xE0, 0x00, 0x00, 0x03, 0x60, 0x06, 0x00,
    0x00, 0xA0, 0x15, 0xC0, 0x03, 0x60, 0x0D, 0x00, 0x00, 0xA0, 0x15, 0xC0, 0x11, 0xC0, 0x00, 0xE0,
    0x00, 0xE0, 0x00, 0x00, 0x00, 0xE0, 0x00, 0x00, 0x00, 0xE0, 0x00, 0x00, 0x00, 0xE0, 0x00, 0x00,
    0x00, 0xE0, 0x00, 0x00, 0x00, 0xE0, 0x00, 0x00, 0x00, 0xE0, 0x00, 0x00, 0x00, 0xE0, 0x00, 0x00,
    0x00, 0xE0, 0x00, 0x00, 0x00, 0x00, 0x00, 0x00, 0x00, 0x00, 0x00, 0x00, 0x00, 0x00, 0x00, 0x00,
    0x00, 0xE0, 0x00, 0x00, 0x00, 0xE0, 0x00, 0x00, 0x00, 0xE0, 0x00, 0x00, 0x03, 0x60, 0x03, 0x00,
    0x00, 0xA0, 0x00, 0xE0, 0x00, 0xE0, 0x00, 0x00, 0x00, 0xE0, 0x00, 0x00, 0x00, 0xE0, 0x00, 0x00,
    0x03, 0x60, 0x03, 0x00, 0x00, 0xA0, 0x03, 0x60, 0x06, 0x00, 0x00, 0xA0, 0x15, 0xC0, 0x11, 0xC0,
    0x00, 0xE0, 0x00, 0x00, 0x03, 0x60, 0x0C, 0x00, 0x00, 0xA0, 0x00, 0xE0, 0x00, 0xE0, 0x00, 0x00,
    0x00, 0xE0, 0x00, 0x00, 0x00, 0xE0, 0x00, 0x00, 0x03, 0x60, 0x03, 0x00, 0x00, 0xA0, 0x00, 0xE0,
    0x00, 0xE0, 0x00, 0x00, 0x00, 0xE0, 0x00, 0x00, 0x00, 0xE0, 0x00, 0x00, 0x03, 0x60, 0x06, 0x00,
    0x00, 0xA0, 0x15, 0xC0, 0x00, 0xE0, 0x00, 0x00, 0x00, 0xE0, 0x00, 0x00, 0x00, 0xE0, 0x00, 0x00,
    0x00, 0xE0, 0x00, 0x00, 0x03, 0x60, 0x07, 0x00, 0x00, 0xA0, 0x15, 0xC0, 0x00, 0xE0, 0x00, 0x00,
    0x00, 0xE0, 0x00, 0x00, 0x00, 0xE0, 0x00, 0x00, 0x00, 0xE0, 0x00, 0x00, 0x03, 0x60, 0x08, 0x00,
    0x00, 0xA0, 0x15, 0xC0, 0x00, 0xE0, 0x00, 0x00, 0x00, 0xE0, 0x00, 0x00, 0x00, 0xE0, 0x00, 0x00,
    0x00, 0xE0, 0x00, 0x00, 0x03, 0x60, 0x03, 0x00, 0x00, 0xA0, 0x15, 0xC0, 0x00, 0xE0, 0x00, 0x00,
    0x03, 0x60, 0x09, 0x00, 0x00, 0xA0, 0x00, 0xE0, 0x00, 0xE0, 0x00, 0x00, 0x00, 0xE0, 0x00, 0x00,
    0x00, 0xE0, 0x00, 0x00, 0x00, 0xE0, 0x00, 0x00, 0x00, 0xE0, 0x00, 0x00, 0x00, 0xE0, 0x00, 0x00,
    0x00, 0xE0, 0x00, 0x00, 0x0E, 0x00, 0x00, 0xE0, 0x00, 0xE0, 0x00, 0x00, 0x00, 0xE0, 0x00, 0x00,
    0x00, 0xE0, 0x00, 0x00, 0x00, 0x00, 0x00, 0x00, 0x00, 0x00, 0x00, 0x00, 0x00, 0x00, 0x00, 0x00,
    0x00, 0x00, 0x00, 0x00, 0x00, 0x00, 0x00, 0x00, 0x00, 0x00, 0x00, 0x00, 0x00, 0xE0, 0x00, 0x00,
    0x00, 0xE0, 0x00, 0x00, 0x00, 0xE0, 0x00, 0x00, 0x00, 0xE0, 0x00, 0x00, 0x00, 0xE0, 0x00, 0x00,
    0x00, 0xE0, 0x00, 0x00, 0x07, 0x60, 0x07, 0x00, 0x00, 0xA0, 0x0F, 0x00, 0x10, 0x00, 0x16, 0xC0,
    0x00, 0xE0, 0x00, 0x00, 0x00, 0xE0, 0x00, 0x00, 0x00, 0xE0, 0x00, 0x00, 0x00, 0xE0, 0x00, 0x00,
    0x07, 0x60, 0x07, 0x00, 0x00, 0xA0, 0x00, 0xE0, 0x00, 0x00, 0x00, 0x00, 0x00, 0x00, 0x00, 0x00,
    0x00, 0x00, 0x00, 0x00, 0x00, 0x00, 0x00, 0x00, 0x00, 0x00, 0x00, 0x00, 0x00, 0x00, 0x00, 0x00,
    0x00, 0xE0, 0x00, 0x00, 0x00, 0xE0, 0x00, 0x00, 0x00, 0xE0, 0x00, 0x00, 0x00, 0xE0, 0x00, 0x00,
    0x00, 0xE0, 0x00, 0x00, 0x00, 0xE0, 0x00, 0x00, 0x03, 0x60, 0x11, 0x00, 0x00, 0xA0, 0x15, 0xC0,
    0x07, 0x60, 0x07, 0x00, 0x00, 0xA0, 0x11, 0xC0, 0x00, 0xE0, 0x00, 0x00, 0x00, 0x00, 0x00, 0x00,
    0x00, 0x00, 0x00, 0x00, 0x00, 0x00, 0x00, 0x00, 0x00, 0x00, 0x00, 0x00, 0x00, 0x00, 0x00, 0x00,
    0x00, 0x00, 0x00, 0x00, 0x00, 0xE0, 0x00, 0x00, 0x00, 0xE0, 0x00, 0x00, 0x00, 0xE0, 0x00, 0x00,
    0x03, 0x60, 0x12, 0x00, 0x00, 0xA0, 0x15, 0xC0, 0x00, 0xE0, 0x00, 0x00, 0x00, 0xE0, 0x00, 0x00,
    0x00, 0xE0, 0x00, 0x00, 0x00, 0xE0, 0x00, 0x00, 0x03, 0x60, 0x12, 0x00, 0x00, 0xA0, 0x00, 0xE0,
    0x00, 0xE0, 0x00, 0x00, 0x00, 0xE0, 0x00, 0x00, 0x00, 0xE0, 0x00, 0x00, 0x03, 0x60, 0x12, 0x00,
    0x00, 0xA0, 0x00, 0x60, 0x13, 0x00, 0x4F, 0xC0, 0x14, 0x00, 0x00, 0xC0, 0x15, 0x00, 0x16, 0xC0,
    0x00, 0xE0, 0x00, 0x00, 0x00, 0xE0, 0x00, 0x00, 0x00, 0xE0, 0x00, 0x00, 0x00, 0xE0, 0x00, 0x00,
    0x07, 0x60, 0x07, 0x00, 0x00, 0xA0, 0x00, 0xE0, 0x00, 0xE0, 0x00, 0x00, 0x00, 0xE0, 0x00, 0x00,
    0x00, 0xE0, 0x00, 0x00, 0x00, 0xE0, 0x00, 0x00, 0x00, 0xE0, 0x00, 0x00, 0x00, 0xE0, 0x00, 0x00,
    0x00, 0xE0, 0x00, 0x00, 0x00, 0xE0, 0x00, 0x00, 0x00, 0xE0, 0x00, 0x00, 0x00, 0x00, 0x00, 0x00,
    0x00, 0x00, 0x00, 0x00, 0x00, 0x00, 0x00, 0x00, 0x00, 0xE0, 0x00, 0x00, 0x00, 0xE0, 0x00, 0x00,
    0x00, 0xE0, 0x00, 0x00, 0x05, 0x60, 0x07, 0x00, 0x00, 0xA0, 0x00, 0xE0, 0x00, 0xE0, 0x00, 0x00,
    0x00, 0xE0, 0x00, 0x00, 0x00, 0xE0, 0x00, 0x00, 0x00, 0x00, 0x00, 0x00, 0x00, 0x00, 0x00, 0x00,
    0x00, 0x00, 0x00, 0x00, 0x00, 0xE0, 0x00, 0x00, 0x00, 0xE0, 0x00, 0x00, 0x00, 0xE0, 0x00, 0x00,
    0x07, 0x60, 0x07, 0x00, 0x00, 0xA0, 0x15, 0xC0, 0x00, 0xE0, 0x00, 0x00, 0x00, 0xE0, 0x00, 0x00,
    0x00, 0xE0, 0x00, 0x00, 0x00, 0xE0, 0x00, 0x00, 0x00, 0xE0, 0x00, 0x00, 0x00, 0xE0, 0x00, 0x00,
    0x00, 0xE0, 0x00, 0x00, 0x06, 0x60, 0x03, 0x00, 0x00, 0xA0, 0x16, 0x00, 0x4F, 0xC0, 0x17, 0x00,
    0x00, 0xC0, 0x00, 0xE0, 0x00, 0xE0, 0x00, 0x00, 0x00, 0xE0, 0x00, 0x00, 0x00, 0xE0, 0x00, 0x00,
    0x00, 0x00, 0x00, 0x00, 0x00, 0x00, 0x00, 0x00, 0x00, 0x00, 0x00, 0x00, 0x00, 0xE0, 0x00, 0x00,
    0x00, 0xE0, 0x00, 0x00, 0x00, 0xE0, 0x00, 0x00, 0x00, 0x00, 0x00, 0x00, 0x00, 0x00, 0x00, 0x00,
    0x00, 0x00, 0x00, 0x00, 0x00, 0xE0, 0x00, 0x00, 0x00, 0xE0, 0x00, 0x00, 0x00, 0xE0, 0x00, 0x00,
    0x00, 0xE0, 0x00, 0x00, 0x00, 0xE0, 0x00, 0x00, 0x00, 0xE0, 0x00, 0x00, 0x05, 0x60, 0x0C, 0x00,
    0x00, 0xA0, 0x03, 0x60, 0x11, 0x00, 0x00, 0xA0, 0x10, 0xC0, 0x00, 0xE0, 0x00, 0xE0, 0x00, 0x00,
    0x00, 0xE0, 0x00, 0x00, 0x00, 0xE0, 0x00, 0x00, 0x05, 0x60, 0x06, 0x00, 0x00, 0xA0, 0x00, 0xE0,
    0x00, 0xE0, 0x00, 0x00, 0x00, 0xE0, 0x00, 0x00, 0x00, 0xE0, 0x00, 0x00, 0x00, 0xE0, 0x00, 0x00,
    0x00, 0xE0, 0x00, 0x00, 0x00, 0xE0, 0x00, 0x00, 0x00, 0x00, 0x00, 0x00, 0x00, 0x00, 0x00, 0x00,
    0x00, 0x00, 0x00, 0x00, 0x00, 0xE0, 0x00, 0x00, 0x00, 0xE0, 0x00, 0x00, 0x00, 0xE0, 0x00, 0x00,
    0x00, 0x00, 0x00, 0x00, 0x00, 0x00, 0x00, 0x00, 0x00, 0x00, 0x00, 0x00, 0x00, 0xE0, 0x00, 0x00,
    0x00, 0xE0, 0x00, 0x00, 0x00, 0xE0, 0x00, 0x00, 0x03, 0x60, 0x11, 0x00, 0x00, 0xA0, 0x15, 0xC0,
    0x05, 0x60, 0x0C, 0x00, 0x00, 0xA0, 0x15, 0xC0, 0x11, 0xC0, 0x00, 0xE0, 0x00, 0xE0, 0x00, 0x00,
    0x00, 0xE0, 0x00, 0x00, 0x00, 0xE0, 0x00, 0x00, 0x05, 0x60, 0x19, 0x00, 0x00, 0xA0, 0x18, 0x00,
    0x4F, 0xC0, 0x00, 0xE0, 0x00, 0xE0, 0x00, 0x00, 0x00, 0xE0, 0x00, 0x00, 0x00, 0xE0, 0x00, 0x00,
    0x00, 0xE0, 0x00, 0x00, 0x00, 0xE0, 0x00, 0x00, 0x00, 0xE0, 0x00, 0x00, 0x00, 0x00, 0x00, 0x00,
    0x00, 0x00, 0x00, 0x00, 0x00, 0x00, 0x00, 0x00, 0x00, 0xE0, 0x00, 0x00, 0x00, 0xE0, 0x00, 0x00,
    0x00, 0xE0, 0x00, 0x00, 0x00, 0x00, 0x00, 0x00, 0x00, 0x00, 0x00, 0x00, 0x00, 0x00, 0x00, 0x00,
    0x00, 0xE0, 0x00, 0x00, 0x00, 0xE0, 0x00, 0x00, 0x00, 0xE0, 0x00, 0x00, 0x00, 0x00, 0x00, 0x00,
    0x00, 0x00, 0x00, 0x00, 0x00, 0x00, 0x00, 0x00, 0x00, 0xE0, 0x00, 0x00, 0x00, 0xE0, 0x00, 0x00,
    0x00, 0xE0, 0x00, 0x00, 0x07, 0x60, 0x07, 0x00, 0x00, 0xA0, 0x15, 0xC0, 0x00, 0xE0, 0x00, 0x00,
    0x00, 0xE0, 0x00, 0x00, 0x00, 0xE0, 0x00, 0x00, 0x00, 0xE0, 0x00, 0x00, 0x05, 0x60, 0x1A, 0x00,
    0x00, 0xA0, 0x15, 0xC0, 0x00, 0xE0, 0x00, 0x00, 0x00, 0x00, 0x00, 0x00, 0x00, 0x00, 0x00, 0x00,
    0x00, 0x00, 0x00, 0x00, 0x00, 0xE0, 0x00, 0x00, 0x00, 0xE0, 0x00, 0x00, 0x00, 0xE0, 0x00, 0x00,
    0x00, 0x00, 0x00, 0x00, 0x00, 0x00, 0x00, 0x00, 0x00, 0x00, 0x00, 0x00, 0x00, 0xE0, 0x00, 0x00,
    0x00, 0xE0, 0x00, 0x00, 0x00, 0xE0, 0x00, 0x00, 0x05, 0x60, 0x1A, 0x00, 0x00, 0xA0, 0x15, 0xC0,
    0x00, 0xE0, 0x00, 0x00, 0x00, 0x00, 0x00, 0x00, 0x00, 0x00, 0x00, 0x00, 0x00, 0x00, 0x00, 0x00,
    0x00, 0xE0, 0x00, 0x00, 0x00, 0xE0, 0x00, 0x00, 0x00, 0xE0, 0x00, 0x00, 0x00, 0xE0, 0x00, 0x00,
    0x00, 0xE0, 0x00, 0x00, 0x00, 0xE0, 0x00, 0x00, 0x00, 0xE0, 0x00, 0x00, 0x0E, 0x00, 0x00, 0xE0,
    0x00, 0xE0, 0x00, 0x00, 0x00, 0xE0, 0x00, 0x00, 0x00, 0xE0, 0x00, 0x00, 0x00, 0x00, 0x00, 0x00,
    0x00, 0x00, 0x00, 0x00, 0x00, 0x00, 0x00, 0x00, 0x00, 0x00, 0x00, 0x00, 0x00, 0x00, 0x00, 0x00,
    0x00, 0x00, 0x00, 0x00, 0x00, 0xE0, 0x00, 0x00, 0x00, 0xE0, 0x00, 0x00, 0x00, 0xE0, 0x00, 0x00,
    0x00, 0xE0, 0x00, 0x00, 0x00, 0xE0, 0x00, 0x00, 0x00, 0xE0, 0x00, 0x00, 0x08, 0x60, 0x0C, 0x00,
    0x00, 0xA0, 0x00, 0xE0, 0x08, 0x60, 0x06, 0x00, 0x00, 0xA0, 0x00, 0xE0, 0x00, 0xE0, 0x00, 0x00,
    0x00, 0xE0, 0x00, 0x00, 0x00, 0xE0, 0x00, 0x00, 0x08, 0x60, 0x0C, 0x00, 0x00, 0xA0, 0x15, 0xC0,
    0x00, 0xE0, 0x00, 0x00, 0x08, 0x60, 0x19, 0x00, 0x00, 0xA0, 0x16, 0x00, 0x4F, 0xC0, 0x14, 0x00,
    0x00, 0xC0, 0x00, 0xE0, 0x00, 0xE0, 0x00, 0x00, 0x00, 0xE0, 0x00, 0x00, 0x00, 0xE0, 0x00, 0x00,
    0x08, 0x60, 0x07, 0x00, 0x00, 0xA0, 0x16, 0x00, 0x4F, 0xC0, 0x17, 0x00, 0x00, 0xC0, 0x00, 0xE0,
    0x00, 0xE0, 0x00, 0x00, 0x00, 0xE0, 0x00, 0x00, 0x00, 0xE0, 0x00, 0x00, 0x00, 0xE0, 0x00, 0x00,
    0x00, 0xE0, 0x00, 0x00, 0x00, 0xE0, 0x00, 0x00, 0x08, 0x60, 0x0C, 0x00, 0x00, 0xA0, 0x00, 0xE0,
    0x00, 0xE0, 0x00, 0x00, 0x00, 0xE0, 0x00, 0x00, 0x00, 0xE0, 0x00, 0x00, 0x08, 0x60, 0x0C, 0x00,
    0x00, 0xA0, 0x15, 0xC0, 0x00, 0xE0, 0x00, 0x00, 0x00, 0xE0, 0x00, 0x00, 0x00, 0xE0, 0x00, 0x00,
    0x00, 0xE0, 0x00, 0x00, 0x08, 0x60, 0x02, 0x00, 0x00, 0xA0, 0x00, 0xE0, 0x00, 0x00, 0x00, 0x00,
    0x00, 0x00, 0x00, 0x00, 0x00, 0x00, 0x00, 0x00, 0x00, 0xE0, 0x00, 0x00, 0x00, 0xE0, 0x00, 0x00,
    0x00, 0xE0, 0x00, 0x00, 0x08, 0x60, 0x02, 0x00, 0x00, 0xA0, 0x15, 0xC0, 0x00, 0xE0, 0x00, 0x00,
    0x00, 0x00, 0x00, 0x00, 0x00, 0x00, 0x00, 0x00, 0x00, 0x00, 0x00, 0x00, 0x00, 0xE0, 0x00, 0x00,
    0x00, 0xE0, 0x00, 0x00, 0x00, 0xE0, 0x00, 0x00, 0x03, 0x60, 0x12, 0x00, 0x00, 0xA0, 0x08, 0x60,
    0x02, 0x00, 0x00, 0xA0, 0x15, 0xC0, 0x10, 0xC0, 0x08, 0x60, 0x05, 0x00, 0x00, 0xA0, 0x13, 0x00,
    0x4F, 0xC0, 0x1B, 0x00, 0x00, 0xC0, 0x1C, 0x00, 0x16, 0xC0, 0x08, 0x60, 0x1D, 0x00, 0x00, 0xA0,
    0x00, 0xC0, 0x00, 0xE0, 0x00, 0xE0, 0x00, 0x00, 0x00, 0xE0, 0x00, 0x00, 0x00, 0xE0, 0x00, 0x00,
    0x08, 0x60, 0x1A, 0x00, 0x00, 0xA0, 0x00, 0xE0, 0x00, 0xE0, 0x00, 0x00, 0x00, 0xE0, 0x00, 0x00,
    0x00, 0xE0, 0x00, 0x00, 0x08, 0x60, 0x1E, 0x00, 0x00, 0xA0, 0x00, 0xE0, 0x00, 0xE0, 0x00, 0x00,
    0x00, 0xE0, 0x00, 0x00, 0x00, 0xE0, 0x00, 0x00, 0x08, 0x60, 0x02, 0x00, 0x00, 0xA0, 0x00, 0xE0,
    0x00, 0xE0, 0x00, 0x00, 0x00, 0xE0, 0x00, 0x00, 0x00, 0xE0, 0x00, 0x00, 0x08, 0x60, 0x1F, 0x00,
    0x00, 0xA0, 0x00, 0xE0, 0x00, 0xE0, 0x00, 0x00, 0x00, 0xE0, 0x00, 0x00, 0x00, 0xE0, 0x00, 0x00,
    0x08, 0x60, 0x02, 0x00, 0x00, 0xA0, 0x00, 0xE0, 0x08, 0x60, 0x20, 0x00, 0x00, 0xA0, 0x13, 0x00,
    0x4F, 0xC0, 0x08, 0x60, 0x21, 0x00, 0x00, 0xA0, 0x14, 0x00, 0x22, 0x00, 0x16, 0xC0, 0x00, 0xC0,
    0x23, 0x00, 0x00, 0xC0, 0x08, 0x60, 0x12, 0x00, 0x00, 0xA0, 0x13, 0x00, 0x4F, 0xC0, 0x00, 0xC0,
    0x08, 0x60, 0x21, 0x00, 0x00, 0xA0, 0x14, 0x00, 0x22, 0x00, 0x16, 0xC0, 0x00, 0xC0, 0x00, 0xE0,
    0x00, 0xE0, 0x00, 0x00, 0x00, 0xE0, 0x00, 0x00, 0x00, 0xE0, 0x00, 0x00, 0x08, 0x60, 0x02, 0x00,
    0x00, 0xA0, 0x15, 0xC0, 0x03, 0x60, 0x11, 0x00, 0x00, 0xA0, 0x15, 0xC0, 0x11, 0xC0, 0x00, 0xE0,
    0x08, 0x60, 0x05, 0x00, 0x00, 0xA0, 0x13, 0x00, 0x4F, 0xC0, 0x24, 0x00, 0x00, 0xC0, 0x00, 0xE0,
    0x00, 0xE0, 0x00, 0x00, 0x00, 0xE0, 0x00, 0x00, 0x00, 0xE0, 0x00, 0x00, 0x00, 0xE0, 0x00, 0x00,
    0x00, 0xE0, 0x00, 0x00, 0x00, 0xE0, 0x00, 0x00, 0x00, 0xE0, 0x00, 0x00, 0x0E, 0x00, 0x00, 0xE0,
    0x00, 0xE0, 0x00, 0x00, 0x00, 0xE0, 0x00, 0x00, 0x00, 0xE0, 0x00, 0x00, 0x00, 0x00, 0x00, 0x00,
    0x00, 0x00, 0x00, 0x00, 0x00, 0x00, 0x00, 0x00, 0x00, 0xE0, 0x00, 0x00, 0x00, 0xE0, 0x00, 0x00,
    0x00, 0xE0, 0x00, 0x00, 0x00, 0xE0, 0x00, 0x00, 0x00, 0xE0, 0x00, 0x00, 0x00, 0xE0, 0x00, 0x00,
    0x00, 0x00, 0x00, 0x00, 0x00, 0x00, 0x00, 0x00, 0x00, 0x00, 0x00, 0x00, 0x00, 0xE0, 0x00, 0x00,
    0x00, 0xE0, 0x00, 0x00, 0x00, 0xE0, 0x00, 0x00, 0x00, 0x00, 0x00, 0x00, 0x00, 0x00, 0x00, 0x00,
    0x00, 0x00, 0x00, 0x00, 0x00, 0xE0, 0x00, 0x00, 0x00, 0xE0, 0x00, 0x00, 0x00, 0xE0, 0x00, 0x00,
    0x00, 0x00, 0x00, 0x00, 0x00, 0x00, 0x00, 0x00, 0x00, 0x00, 0x00, 0x00, 0x00, 0xE0, 0x00, 0x00,
    0x00, 0xE0, 0x00, 0x00, 0x00, 0xE0, 0x00, 0x00, 0x03, 0x60, 0x21, 0x00, 0x00, 0xA0, 0x15, 0xC0,
    0x00, 0xE0, 0x00, 0x00, 0x00, 0x00, 0x00, 0x00, 0x00, 0x00, 0x00, 0x00, 0x00, 0x00, 0x00, 0x00,
    0x00, 0xE0, 0x00, 0x00, 0x00, 0xE0, 0x00, 0x00, 0x00, 0xE0, 0x00, 0x00, 0x00, 0xE0, 0x00, 0x00,
    0x00, 0xE0, 0x00, 0x00, 0x00, 0xE0, 0x00, 0x00, 0x00, 0xE0, 0x00, 0x00, 0x25, 0x00, 0x00, 0xE0,
    0x00, 0xE0, 0x00, 0x00, 0x00, 0xE0, 0x00, 0x00, 0x00, 0xE0, 0x00, 0x00, 0x00, 0x00, 0x00, 0x00,
    0x00, 0x00, 0x00, 0x00, 0x00, 0x00, 0x00, 0x00, 0x00, 0xE0, 0x00, 0x00, 0x00, 0xE0, 0x00, 0x00,
    0x00, 0xE0, 0x00, 0x00, 0x00, 0xE0, 0x00, 0x00, 0x00, 0xE0, 0x00, 0x00, 0x00, 0xE0, 0x00, 0x00,
    0x00, 0x00, 0x00, 0x00, 0x00, 0x00, 0x00, 0x00, 0x00, 0x00, 0x00, 0x00, 0x00, 0xE0, 0x00, 0x00,
    0x00, 0xE0, 0x00, 0x00, 0x00, 0xE0, 0x00, 0x00, 0x00, 0x00, 0x00, 0x00, 0x00, 0x00, 0x00, 0x00,
    0x00, 0x00, 0x00, 0x00, 0x00, 0xE0, 0x00, 0x00, 0x00, 0xE0, 0x00, 0x00, 0x00, 0xE0, 0x00, 0x00,
    0x00, 0x00, 0x00, 0x00, 0x00, 0x00, 0x00, 0x00, 0x00, 0x00, 0x00, 0x00, 0x00, 0xE0, 0x00, 0x00,
    0x00, 0xE0, 0x00, 0x00, 0x00, 0xE0, 0x00, 0x00, 0x03, 0x60, 0x21, 0x00, 0x00, 0xA0, 0x15, 0xC0,
    0x00, 0xE0, 0x00, 0x00, 0x00, 0x00, 0x00, 0x00, 0x00, 0x00, 0x00, 0x00, 0x00, 0x00, 0x00, 0x00,
    0x00, 0xE0, 0x00, 0x00, 0x00, 0xE0, 0x00, 0x00, 0x00, 0xE0, 0x00, 0x00, 0x00, 0x00, 0x00, 0x00,
    0x00, 0x00, 0x00, 0x00, 0x00, 0x00, 0x00, 0x00, 0x00, 0xE0, 0x00, 0x00, 0x00, 0xE0, 0x00, 0x00,
    0x00, 0xE0, 0x00, 0x00, 0x00, 0xE0, 0x00, 0x00, 0x00, 0xE0, 0x00, 0x00, 0x00, 0xE0, 0x00, 0x00,
    0x03, 0x60, 0x06, 0x00, 0x00, 0xA0, 0x15, 0xC0, 0x00, 0xE0, 0x00, 0x00, 0x00, 0xE0, 0x00, 0x00,
    0x00, 0xE0, 0x00, 0x00, 0x00, 0xE0, 0x00, 0x00, 0x03, 0x60, 0x07, 0x00, 0x00, 0xA0, 0x15, 0xC0,
    0x00, 0xE0, 0x00, 0x00, 0x00, 0xE0, 0x00, 0x00, 0x00, 0xE0, 0x00, 0x00, 0x00, 0xE0, 0x00, 0x00,
    0x03, 0x60, 0x08, 0x00, 0x00, 0xA0, 0x15, 0xC0, 0x00, 0xE0, 0x00, 0x00, 0x00, 0xE0, 0x00, 0x00,
    0x00, 0xE0, 0x00, 0x00, 0x00, 0xE0, 0x00, 0x00, 0x00, 0x00, 0x00, 0x00, 0x00, 0x00, 0x00, 0x00,
    0x00, 0x00, 0x00, 0x00, 0x00, 0xE0, 0x00, 0x00, 0x00, 0xE0, 0x00, 0x00, 0x00, 0xE0, 0x00, 0x00,
    0x00, 0x00, 0x00, 0x00, 0x00, 0x00, 0x00, 0x00, 0x00, 0x00, 0x00, 0x00, 0x00, 0xE0, 0x00, 0x00,
    0x00, 0xE0, 0x00, 0x00, 0x00, 0xE0, 0x00, 0x00, 0x03, 0x60, 0x1D, 0x00, 0x00, 0xA0, 0x08, 0x00,
    0x0A, 0xC0, 0x03, 0x60, 0x1D, 0x00, 0x00, 0xA0, 0x09, 0x00, 0x0A, 0xC0, 0x11, 0xC0, 0x26, 0x00,
    0x03, 0x60, 0x1D, 0x00, 0x00, 0xA0, 0x06, 0x00, 0x0A, 0xC0, 0x27, 0x00, 0x28, 0x00, 0x16, 0xC0,
    0x16, 0xC0, 0x00, 0xE0, 0x00, 0xE0, 0x00, 0x00, 0x00, 0xE0, 0x00, 0x00, 0x00, 0xE0, 0x00, 0x00,
    0x00, 0xE0, 0x00, 0x00, 0x00, 0xE0, 0x00, 0x00, 0x00, 0xE0, 0x00, 0x00, 0x00, 0xE0, 0x00, 0x00,
    0x0E, 0x00, 0x00, 0xE0, 0x00, 0xE0, 0x00, 0x00, 0x00, 0xE0, 0x00, 0x00, 0x00, 0xE0, 0x00, 0x00,
    0x00, 0x00, 0x00, 0x00, 0x00, 0x00, 0x00, 0x00, 0x00, 0x00, 0x00, 0x00, 0x00, 0x00, 0x00, 0x00,
    0x00, 0x00, 0x00, 0x00, 0x00, 0x00, 0x00, 0x00, 0x00, 0xE0, 0x00, 0x00, 0x00, 0xE0, 0x00, 0x00,
    0x00, 0xE0, 0x00, 0x00, 0x00, 0xE0, 0x00, 0x00, 0x00, 0xE0, 0x00, 0x00, 0x00, 0xE0, 0x00, 0x00,
    0x00, 0xE0, 0x00, 0x00, 0x00, 0xE0, 0x00, 0x00, 0x00, 0xE0, 0x00, 0x00, 0x00, 0xE0, 0x00, 0x00,
    0x00, 0xE0, 0x00, 0x00, 0x00, 0xE0, 0x00, 0x00, 0x00, 0xE0, 0x00, 0x00, 0x00, 0xE0, 0x00, 0x00,
    0x00, 0xE0, 0x00, 0x00, 0x06, 0x60, 0x03, 0x00, 0x00, 0xA0, 0x16, 0x00, 0x4F, 0xC0, 0x29, 0x00,
    0x00, 0xC0, 0x00, 0xE0, 0x00, 0xE0, 0x00, 0x00, 0x00, 0xE0, 0x00, 0x00, 0x00, 0xE0, 0x00, 0x00,
    0x00, 0x00, 0x00, 0x00, 0x00, 0x00, 0x00, 0x00, 0x00, 0x00, 0x00, 0x00, 0x00, 0xE0, 0x00, 0x00,
    0x00, 0xE0, 0x00, 0x00, 0x00, 0xE0, 0x00, 0x00, 0x00, 0x00, 0x00, 0x00, 0x00, 0x00, 0x00, 0x00,
    0x00, 0x00, 0x00, 0x00, 0x00, 0xE0, 0x00, 0x00, 0x00, 0xE0, 0x00, 0x00, 0x00, 0xE0, 0x00, 0x00,
    0x07, 0x60, 0x06, 0x00, 0x00, 0xA0, 0x15, 0xC0, 0x00, 0xE0, 0x00, 0x00, 0x00, 0xE0, 0x00, 0x00,
    0x00, 0xE0, 0x00, 0x00, 0x00, 0xE0, 0x00, 0x00, 0x00, 0xE0, 0x00, 0x00, 0x00, 0xE0, 0x00, 0x00,
    0x00, 0xE0, 0x00, 0x00, 0x00, 0xE0, 0x00, 0x00, 0x0E, 0x00, 0x00, 0xE0, 0x00, 0xE0, 0x00, 0x00,
    0x00, 0xE0, 0x00, 0x00, 0x00, 0xE0, 0x00, 0x00, 0x00, 0x00, 0x00, 0x00, 0x00, 0x00, 0x00, 0x00,
    0x00, 0x00, 0x00, 0x00, 0x00, 0x00, 0x00, 0x00, 0x00, 0x00, 0x00, 0x00, 0x00, 0x00, 0x00, 0x00,
    0x00, 0xE0, 0x00, 0x00, 0x00, 0xE0, 0x00, 0x00, 0x00, 0xE0, 0x00, 0x00, 0x00, 0xE0, 0x00, 0x00,
    0x00, 0xE0, 0x00, 0x00, 0x00, 0xE0, 0x00, 0x00, 0x00, 0xE0, 0x00, 0x00, 0x00, 0xE0, 0x00, 0x00,
    0x00, 0xE0, 0x00, 0x00, 0x00, 0xE0, 0x00, 0x00, 0x00, 0xE0, 0x00, 0x00, 0x00, 0xE0, 0x00, 0x00,
    0x00, 0x00, 0x00, 0x00, 0x00, 0x00, 0x00, 0x00, 0x00, 0x00, 0x00, 0x00, 0x00, 0xE0, 0x00, 0x00,
    0x00, 0xE0, 0x00, 0x00, 0x00, 0xE0, 0x00, 0x00, 0x06, 0x60, 0x03, 0x00, 0x00, 0xA0, 0x16, 0x00,
    0x4F, 0xC0, 0x29, 0x00, 0x00, 0xC0, 0x00, 0xE0, 0x00, 0xE0, 0x00, 0x00, 0x00, 0xE0, 0x00, 0x00,
    0x00, 0xE0, 0x00, 0x00, 0x00, 0xE0, 0x00, 0x00, 0x00, 0xE0, 0x00, 0x00, 0x00, 0xE0, 0x00, 0x00,
    0x00, 0x00, 0x00, 0x00, 0x00, 0x00, 0x00, 0x00, 0x00, 0x00, 0x00, 0x00, 0x00, 0xE0, 0x00, 0x00,
    0x00, 0xE0, 0x00, 0x00, 0x00, 0xE0, 0x00, 0x00, 0x07, 0x60, 0x06, 0x00, 0x00, 0xA0, 0x00, 0xF0,
    0x02, 0x00, 0x00, 0x00, 0x00, 0x00, 0x00, 0x00, 0x00, 0x00, 0x00, 0x00, 0x00, 0x00, 0x00, 0x00,
    0x00, 0xE0, 0x00, 0x00, 0x00, 0xE0, 0x00, 0x00, 0x00, 0xE0, 0x00, 0x00, 0x00, 0xE0, 0x00, 0x00,
    0x00, 0xE0, 0x00, 0x00, 0x00, 0xE0, 0x00, 0x00, 0x00, 0xE0, 0x00, 0x00, 0x25, 0x00, 0x00, 0xE0,
    0x00, 0xE0, 0x00, 0x00, 0x00, 0xE0, 0x00, 0x00, 0x00, 0xE0, 0x00, 0x00, 0x00, 0x00, 0x00, 0x00,
    0x00, 0x00, 0x00, 0x00, 0x00, 0x00, 0x00, 0x00, 0x00, 0x00, 0x00, 0x00, 0x00, 0x00, 0x00, 0x00,
    0x00, 0x00, 0x00, 0x00, 0x00, 0xE0, 0x00, 0x00, 0x00, 0xE0, 0x00, 0x00, 0x00, 0xE0, 0x00, 0x00,
    0x00, 0xE0, 0x00, 0x00, 0x00, 0xE0, 0x00, 0x00, 0x00, 0xE0, 0x00, 0x00, 0x04, 0x60, 0x11, 0x00,
    0x00, 0xA0, 0x2A, 0x00, 0x2B, 0x00, 0x16, 0xC0, 0x00, 0xE0, 0x00, 0x00, 0x00, 0xE0, 0x00, 0x00,
    0x00, 0xE0, 0x00, 0x00, 0x00, 0xE0, 0x00, 0x00, 0x00, 0xE0, 0x00, 0x00, 0x00, 0xE0, 0x00, 0x00,
    0x00, 0xE0, 0x00, 0x00, 0x04, 0x60, 0x07, 0x00, 0x00, 0xA0, 0x00, 0xE0, 0x00, 0xE0, 0x00, 0x00,
    0x00, 0xE0, 0x00, 0x00, 0x00, 0xE0, 0x00, 0x00, 0x00, 0xE0, 0x00, 0x00, 0x00, 0xE0, 0x00, 0x00,
    0x00, 0xE0, 0x00, 0x00, 0x00, 0xE0, 0x00, 0x00, 0x00, 0xE0, 0x00, 0x00, 0x00, 0xE0, 0x00, 0x00,
    0x00, 0xE0, 0x00, 0x00, 0x00, 0xE0, 0x00, 0x00, 0x00, 0xE0, 0x00, 0x00, 0x04, 0x60, 0x08, 0x00,
    0x00, 0xA0, 0x2C, 0x00, 0x4F, 0xC0, 0x29, 0x00, 0x00, 0xC0, 0x00, 0xE0, 0x00, 0xE0, 0x00, 0x00,
    0x00, 0xE0, 0x00, 0x00, 0x00, 0xE0, 0x00, 0x00, 0x00, 0xE0, 0x00, 0x00, 0x00, 0xE0, 0x00, 0x00,
    0x00, 0xE0, 0x00, 0x00, 0x04, 0x60, 0x0C, 0x00, 0x00, 0xA0, 0x00, 0xE0, 0x00, 0xE0, 0x00, 0x00,
    0x00, 0xE0, 0x00, 0x00, 0x00, 0xE0, 0x00, 0x00, 0x04, 0x60, 0x0C, 0x00, 0x00, 0xA0, 0x15, 0xC0,
    0x00, 0xE0, 0x00, 0x00, 0x00, 0xE0, 0x00, 0x00, 0x00, 0xE0, 0x00, 0x00, 0x00, 0xE0, 0x00, 0x00,
    0x04, 0x60, 0x0C, 0x00, 0x00, 0xA0, 0x04, 0x60, 0x19, 0x00, 0x00, 0xA0, 0x18, 0x00, 0x4F, 0xC0,
    0x04, 0x60, 0x06, 0x00, 0x00, 0xA0, 0x16, 0xC0, 0x00, 0xE0, 0x00, 0x00, 0x00, 0xE0, 0x00, 0x00,
    0x00, 0xE0, 0x00, 0x00, 0x00, 0xE0, 0x00, 0x00, 0x00, 0xE0, 0x00, 0x00, 0x00, 0xE0, 0x00, 0x00,
    0x00, 0xE0, 0x00, 0x00, 0x04, 0x60, 0x03, 0x00, 0x00, 0xA0, 0x2D, 0x00, 0x4F, 0xC0, 0x2E, 0x00,
    0x00, 0xC0, 0x00, 0xE0, 0x00, 0xE0, 0x00, 0x00, 0x00, 0xE0, 0x00, 0x00, 0x00, 0xE0, 0x00, 0x00,
    0x04, 0x60, 0x09, 0x00, 0x00, 0xA0, 0x2D, 0x00, 0x4F, 0xC0, 0x2F, 0x00, 0x00, 0xC0, 0x00, 0xE0,
    0x00, 0xE0, 0x00, 0x00, 0x00, 0xE0, 0x00, 0x00, 0x00, 0xE0, 0x00, 0x00, 0x00, 0x00, 0x00, 0x00,
    0x00, 0x00, 0x00, 0x00, 0x00, 0x00, 0x00, 0x00, 0x00, 0xE0, 0x00, 0x00, 0x00, 0xE0, 0x00, 0x00,
    0x00, 0xE0, 0x00, 0x00, 0x07, 0x60, 0x11, 0x00, 0x00, 0xA0, 0x15, 0xC0, 0x00, 0xE0, 0x00, 0x00,
    0x00, 0x00, 0x00, 0x00, 0x00, 0x00, 0x00, 0x00, 0x00, 0x00, 0x00, 0x00, 0x00, 0xE0, 0x00, 0x00,
    0x00, 0xE0, 0x00, 0x00, 0x00, 0xE0, 0x00, 0x00, 0x07, 0x60, 0x19, 0x00, 0x00, 0xA0, 0x15, 0xC0,
    0x00, 0xE0, 0x00, 0x00, 0x00, 0x00, 0x00, 0x00, 0x00, 0x00, 0x00, 0x00, 0x00, 0x00, 0x00, 0x00,
    0x00, 0xE0, 0x00, 0x00, 0x00, 0xE0, 0x00, 0x00, 0x00, 0xE0, 0x00, 0x00, 0x00, 0xE0, 0x00, 0x00,
    0x00, 0xE0, 0x00, 0x00, 0x00, 0xE0, 0x00, 0x00, 0x00, 0xE0, 0x00, 0x00, 0x0E, 0x00, 0x00, 0xE0,
    0x00, 0xE0, 0x00, 0x00, 0x00, 0xE0, 0x00, 0x00, 0x00, 0xE0, 0x00, 0x00, 0x00, 0x00, 0x00, 0x00,
    0x00, 0x00, 0x00, 0x00, 0x00, 0x00, 0x00, 0x00, 0x00, 0x00, 0x00, 0x00, 0x00, 0x00, 0x00, 0x00,
    0x00, 0x00, 0x00, 0x00, 0x00, 0xE0, 0x00, 0x00, 0x00, 0xE0, 0x00, 0x00, 0x00, 0xE0, 0x00, 0x00,
    0x00, 0xE0, 0x00, 0x00, 0x00, 0xE0, 0x00, 0x00, 0x00, 0xE0, 0x00, 0x00, 0x00, 0xE0, 0x00, 0x00,
    0x00, 0xE0, 0x00, 0x00, 0x00, 0xE0, 0x00, 0x00, 0x07, 0x60, 0x08, 0x00, 0x00, 0xA0, 0x00, 0xF0,
    0x02, 0x00, 0x00, 0x00, 0x00, 0x00, 0x00, 0x00, 0x00, 0x00, 0x00, 0x00, 0x00, 0x00, 0x00, 0x00,
    0x00, 0xE0, 0x00, 0x00, 0x00, 0xE0, 0x00, 0x00, 0x00, 0xE0, 0x00, 0x00, 0x03, 0x60, 0x11, 0x00,
    0x00, 0xA0, 0x15, 0xC0, 0x03, 0x60, 0x12, 0x00, 0x00, 0xA0, 0x15, 0xC0, 0x11, 0xC0, 0x00, 0xE0,
    0x07, 0x60, 0x03, 0x00, 0x00, 0xA0, 0x00, 0xF0, 0x02, 0x00, 0x00, 0x00, 0x00, 0x00, 0x00, 0x00,
    0x00, 0x00, 0x00, 0x00, 0x00, 0x00, 0x00, 0x00, 0x00, 0x00, 0x00, 0x00, 0x00, 0x00, 0x00, 0x00,
    0x00, 0x00, 0x00, 0x00, 0x00, 0xE0, 0x00, 0x00, 0x00, 0xE0, 0x00, 0x00, 0x00, 0xE0, 0x00, 0x00,
    0x07, 0x60, 0x03, 0x00, 0x00, 0xA0, 0x00, 0xF0, 0x02, 0x00, 0x00, 0x00, 0x00, 0xE0, 0x00, 0x00,
    0x00, 0xE0, 0x00, 0x00, 0x00, 0xE0, 0x00, 0x00, 0x07, 0x60, 0x03, 0x00, 0x00, 0xA0, 0x00, 0xF0,
    0x02, 0x00, 0x00, 0x00, 0x00, 0x60, 0x13, 0x00, 0x4F, 0xC0, 0x14, 0x00, 0x00, 0xC0, 0x00, 0xE0,
    0x00, 0xE0, 0x00, 0x00, 0x00, 0xE0, 0x00, 0x00, 0x00, 0xE0, 0x00, 0x00, 0x07, 0x60, 0x03, 0x00,
    0x00, 0xA0, 0x15, 0xC0, 0x00, 0xE0, 0x00, 0x00, 0x00, 0xE0, 0x00, 0x00, 0x00, 0xE0, 0x00, 0x00,
    0x00, 0xE0, 0x00, 0x00, 0x01, 0x60, 0x13, 0x00, 0x4F, 0xC0, 0x24, 0x00, 0x00, 0xC0, 0x00, 0xE0,
    0x00, 0xE0, 0x00, 0x00, 0x00, 0xE0, 0x00, 0x00, 0x00, 0xE0, 0x00, 0x00, 0x00, 0xE0, 0x00, 0x00,
    0x00, 0xE0, 0x00, 0x00, 0x00, 0xE0, 0x00, 0x00, 0x00, 0x00, 0x00, 0x00, 0x00, 0x00, 0x00, 0x00,
    0x00, 0x00, 0x00, 0x00, 0x00, 0xE0, 0x00, 0x00, 0x00, 0xE0, 0x00, 0x00, 0x00, 0xE0, 0x00, 0x00,
    0x00, 0x00, 0x00, 0x00, 0x00, 0x00, 0x00, 0x00, 0x00, 0x00, 0x00, 0x00, 0x00, 0xE0, 0x00, 0x00,
    0x00, 0xE0, 0x00, 0x00, 0x00, 0xE0, 0x00, 0x00, 0x07, 0x60, 0x03, 0x00, 0x00, 0xA0, 0x00, 0xE0,
    0x00, 0xE0, 0x00, 0x00, 0x00, 0xE0, 0x00, 0x00, 0x00, 0xE0, 0x00, 0x00, 0x02, 0x60, 0x00, 0xE0,
    0x00, 0xE0, 0x00, 0x00, 0x00, 0xE0, 0x00, 0x00, 0x00, 0xE0, 0x00, 0x00, 0x00, 0xE0, 0x00, 0x00,
    0x00, 0xE0, 0x00, 0x00, 0x00, 0xE0, 0x00, 0x00, 0x00, 0x00, 0x00, 0x00, 0x00, 0x00, 0x00, 0x00,
    0x00, 0x00, 0x00, 0x00, 0x00, 0xE0, 0x00, 0x00, 0x00, 0xE0, 0x00, 0x00, 0x00, 0xE0, 0x00, 0x00,
    0x00, 0x00, 0x00, 0x00, 0x00, 0x00, 0x00, 0x00, 0x00, 0x00, 0x00, 0x00, 0x00, 0xE0, 0x00, 0x00,
    0x00, 0xE0, 0x00, 0x00, 0x00, 0xE0, 0x00, 0x00, 0x00, 0xE0, 0x00, 0x00, 0x00, 0xE0, 0x00, 0x00,
    0x00, 0xE0, 0x00, 0x00, 0x00, 0xE0, 0x00, 0x00, 0x25, 0x00, 0x00, 0xE0, 0x00, 0xE0, 0x00, 0x00,
    0x00, 0xE0, 0x00, 0x00, 0x00, 0xE0, 0x00, 0x00, 0x00, 0x00, 0x00, 0x00, 0x00, 0x00, 0x00, 0x00,
    0x00, 0x00, 0x00, 0x00, 0x00, 0x00, 0x00, 0x00, 0x00, 0x00, 0x00, 0x00, 0x00, 0x00, 0x00, 0x00,
    0x00, 0xE0, 0x00, 0x00, 0x00, 0xE0, 0x00, 0x00, 0x00, 0xE0, 0x00, 0x00, 0x00, 0xE0, 0x00, 0x00,
    0x00, 0xE0, 0x00, 0x00, 0x00, 0xE0, 0x00, 0x00, 0x00, 0xE0, 0x00, 0x00, 0x00, 0xE0, 0x00, 0x00,
    0x00, 0xE0, 0x00, 0x00, 0x03, 0x60, 0x06, 0x00, 0x00, 0xA0, 0x15, 0xC0, 0x00, 0xE0, 0x00, 0x00,
    0x00, 0xE0, 0x00, 0x00, 0x00, 0xE0, 0x00, 0x00, 0x00, 0xE0, 0x00, 0x00, 0x03, 0x60, 0x07, 0x00,
    0x00, 0xA0, 0x15, 0xC0, 0x00, 0xE0, 0x00, 0x00, 0x00, 0xE0, 0x00, 0x00, 0x00, 0xE0, 0x00, 0x00,
    0x00, 0xE0, 0x00, 0x00, 0x03, 0x60, 0x08, 0x00, 0x00, 0xA0, 0x15, 0xC0, 0x00, 0xE0, 0x00, 0x00,
    0x00, 0xE0, 0x00, 0x00, 0x00, 0xE0, 0x00, 0x00, 0x00, 0xE0, 0x00, 0x00, 0x03, 0x60, 0x1A, 0x00,
    0x00, 0xA0, 0x30, 0x00, 0x00, 0xC0, 0x03, 0x60, 0x19, 0x00, 0x00, 0xA0, 0x00, 0xC0, 0x00, 0xE0,
    0x00, 0xE0, 0x00, 0x00, 0x00, 0xE0, 0x00, 0x00, 0x00, 0xE0, 0x00, 0x00, 0x00, 0xE0, 0x00, 0x00,
    0x00, 0xE0, 0x00, 0x00, 0x00, 0xE0, 0x00, 0x00, 0x31, 0x00, 0x03, 0x60, 0x32, 0x00, 0x00, 0xA0,
    0x00, 0xC0, 0x30, 0x00, 0x00, 0xC0, 0x33, 0x00, 0x00, 0xC0, 0x03, 0x60, 0x34, 0x00, 0x00, 0xA0,
    0x00, 0xC0, 0x00, 0xE0, 0x00, 0xE0, 0x00, 0x00, 0x00, 0xE0, 0x00, 0x00, 0x00, 0xE0, 0x00, 0x00,
    0x00, 0xE0, 0x00, 0x00, 0x00, 0xE0, 0x00, 0x00, 0x00, 0xE0, 0x00, 0x00, 0x03, 0x60, 0x06, 0x00,
    0x00, 0xA0, 0x15, 0xC0, 0x03, 0x60, 0x35, 0x00, 0x00, 0xA0, 0x15, 0xC0, 0x10, 0xC0, 0x00, 0xE0,
    0x00, 0xE0, 0x00, 0x00, 0x00, 0xE0, 0x00, 0x00, 0x00, 0xE0, 0x00, 0x00, 0x03, 0x60, 0x06, 0x00,
    0x00, 0xA0, 0x15, 0xC0, 0x03, 0x60, 0x35, 0x00, 0x00, 0xA0, 0x15, 0xC0, 0x10, 0xC0, 0x00, 0xE0,
    0x03, 0x60, 0x06, 0x00, 0x00, 0xA0, 0x36, 0x00, 0x37, 0x00, 0x16, 0xC0, 0x00, 0xE0, 0x00, 0x00,
    0x00, 0xE0, 0x00, 0x00, 0x00, 0xE0, 0x00, 0x00, 0x00, 0xE0, 0x00, 0x00, 0x00, 0x00, 0x00, 0x00,
    0x00, 0x00, 0x00, 0x00, 0x00, 0x00, 0x00, 0x00, 0x00, 0xE0, 0x00, 0x00, 0x00, 0xE0, 0x00, 0x00,
    0x00, 0xE0, 0x00, 0x00, 0x00, 0xE0, 0x00, 0x00, 0x00, 0xE0, 0x00, 0x00, 0x00, 0xE0, 0x00, 0x00,
    0x00, 0x00, 0x00, 0x00, 0x00, 0x00, 0x00, 0x00, 0x00, 0x00, 0x00, 0x00, 0x00, 0xE0, 0x00, 0x00,
    0x00, 0xE0, 0x00, 0x00, 0x00, 0xE0, 0x00, 0x00, 0x00, 0xE0, 0x00, 0x00, 0x00, 0xE0, 0x00, 0x00,
    0x00, 0xE0, 0x00, 0x00, 0x00, 0xE0, 0x00, 0x00, 0x00, 0xE0, 0x00, 0x00, 0x00, 0xE0, 0x00, 0x00,
    0x00, 0xE0, 0x00, 0x00, 0x00, 0xE0, 0x00, 0x00, 0x00, 0xE0, 0x00, 0x00, 0x00, 0xE0, 0x00, 0x00,
    0x00, 0xE0, 0x00, 0x00, 0x00, 0xE0, 0x00, 0x00, 0x00, 0xE0, 0x00, 0x00, 0x00, 0xE0, 0x00, 0x00,
    0x00, 0xE0, 0x00, 0x00, 0x00, 0xE0, 0x00, 0x00, 0x00, 0xE0, 0x00, 0x00, 0x00, 0xE0, 0x00, 0x00,
    0x00, 0xE0, 0x00, 0x00, 0x00, 0xE0, 0x00, 0x00, 0x00, 0xE0, 0x00, 0x00, 0x00, 0xE0, 0x00, 0x00,
    0x00, 0xE0, 0x00, 0x00, 0x00, 0xE0, 0x00, 0x00, 0x00, 0xE0, 0x00, 0x00, 0x00, 0xE0, 0x00, 0x00,
    0x00, 0xE0, 0x00, 0x00, 0x00, 0xE0, 0x00, 0x00, 0x00, 0xE0, 0x00, 0x00, 0x00, 0xE0, 0x00, 0x00,
    0x00, 0xE0, 0x00, 0x00, 0x00, 0xE0, 0x00, 0x00, 0x00, 0xE0, 0x00, 0x00, 0x00, 0xE0, 0x00, 0x00,
    0x00, 0xE0, 0x00, 0x00, 0x00, 0xE0, 0x00, 0x00, 0x00, 0xE0, 0x00, 0x00, 0x00, 0xE0, 0x00, 0x00,
    0x00, 0xE0, 0x00, 0x00, 0x00, 0xE0, 0x00, 0x00, 0x00, 0xE0, 0x00, 0x00, 0x00, 0xE0, 0x00, 0x00,
    0x00, 0xE0, 0x00, 0x00, 0x00, 0xE0, 0x00, 0x00, 0x00, 0xE0, 0x00, 0x00, 0x00, 0xE0, 0x00, 0x00,
    0x00, 0xE0, 0x00, 0x00, 0x00, 0xE0, 0x00, 0x00, 0x00, 0xE0, 0x00, 0x00, 0x00, 0xE0, 0x00, 0x00,
    0x00, 0xE0, 0x00, 0x00, 0x00, 0xE0, 0x00, 0x00, 0x00, 0xE0, 0x00, 0x00, 0x00, 0xE0, 0x00, 0x00,
    0x00, 0xE0, 0x00, 0x00, 0x00, 0xE0, 0x00, 0x00, 0x00, 0xE0, 0x00, 0x00, 0x00, 0xE0, 0x00, 0x00,
    0x00, 0xE0, 0x00, 0x00, 0x00, 0xE0, 0x00, 0x00, 0x00, 0xE0, 0x00, 0x00, 0x00, 0xE0, 0x00, 0x00,
    0x00, 0xE0, 0x00, 0x00, 0x00, 0xE0, 0x00, 0x00, 0x00, 0xE0, 0x00, 0x00, 0x00, 0xE0, 0x00, 0x00,
    0x00, 0xE0, 0x00, 0x00, 0x00, 0xE0, 0x00, 0x00, 0x00, 0xE0, 0x00, 0x00, 0x00, 0xE0, 0x00, 0x00,
    0x00, 0xE0, 0x00, 0x00, 0x00, 0xE0, 0x00, 0x00, 0x00, 0xE0, 0x00, 0x00, 0x00, 0xE0, 0x00, 0x00,
    0x00, 0xE0, 0x00, 0x00, 0x00, 0xE0, 0x00, 0x00, 0x00, 0xE0, 0x00, 0x00, 0x00, 0xE0, 0x00, 0x00,
    0x00, 0xE0, 0x00, 0x00, 0x00, 0xE0, 0x00, 0x00, 0x00, 0xE0, 0x00, 0x00, 0x00, 0xE0, 0x00, 0x00,
    0x00, 0xE0, 0x00, 0x00, 0x00, 0xE0, 0x00, 0x00, 0x00, 0xE0, 0x00, 0x00, 0x00, 0xE0, 0x00, 0x00,
    0x00, 0xE0, 0x00, 0x00, 0x00, 0xE0, 0x00, 0x00, 0x00, 0xE0, 0x00, 0x00, 0x00, 0xE0, 0x00, 0x00,
    0x00, 0xE0, 0x00, 0x00, 0x00, 0xE0, 0x00, 0x00, 0x00, 0xE0, 0x00, 0x00, 0x00, 0xE0, 0x00, 0x00,
    0x00, 0xE0, 0x00, 0x00, 0x00, 0xE0, 0x00, 0x00, 0x00, 0xE0, 0x00, 0x00, 0x00, 0xE0, 0x00, 0x00,
    0x00, 0xE0, 0x00, 0x00, 0x00, 0xE0, 0x00, 0x00, 0x00, 0xE0, 0x00, 0x00, 0x00, 0xE0, 0x00, 0x00,
    0x00, 0xE0, 0x00, 0x00, 0x00, 0xE0, 0x00, 0x00, 0x00, 0xE0, 0x00, 0x00, 0x00, 0xE0, 0x00, 0x00,
    0x00, 0xE0, 0x00, 0x00, 0x00, 0xE0, 0x00, 0x00, 0x00, 0xE0, 0x00, 0x00, 0x00, 0xE0, 0x00, 0x00,
    0x00, 0xE0, 0x00, 0x00, 0x00, 0xE0, 0x00, 0x00, 0x00, 0xE0, 0x00, 0x00, 0x00, 0xE0, 0x00, 0x00,
    0x00, 0xE0, 0x00, 0x00, 0x00, 0xE0, 0x00, 0x00, 0x00, 0xE0, 0x00, 0x00, 0x00, 0xE0, 0x00, 0x00,
    0x00, 0xE0, 0x00, 0x00, 0x00, 0xE0, 0x00, 0x00, 0x00, 0xE0, 0x00, 0x00, 0x00, 0xE0, 0x00, 0x00,
    0x00, 0xE0, 0x00, 0x00, 0x00, 0xE0, 0x00, 0x00, 0x00, 0xE0, 0x00, 0x00, 0x00, 0xE0, 0x00, 0x00,
    0x00, 0xE0, 0x00, 0x00, 0x00, 0xE0, 0x00, 0x00, 0x00, 0xE0, 0x00, 0x00, 0x00, 0xE0, 0x00, 0x00,
    0x00, 0xE0, 0x00, 0x00, 0x00, 0xE0, 0x00, 0x00, 0x00, 0xE0, 0x00, 0x00, 0x00, 0xE0, 0x00, 0x00,
    0x00, 0xE0, 0x00, 0x00, 0x00, 0xE0, 0x00, 0x00, 0x00, 0xE0, 0x00, 0x00, 0x00, 0xE0, 0x00, 0x00,
    0x00, 0xE0, 0x00, 0x00, 0x00, 0xE0, 0x00, 0x00, 0x00, 0xE0, 0x00, 0x00, 0x00, 0xE0, 0x00, 0x00,
    0x00, 0xE0, 0x00, 0x00, 0x00, 0xE0, 0x00, 0x00, 0x00, 0xE0, 0x00, 0x00, 0x00, 0xE0, 0x00, 0x00,
    0x00, 0xE0, 0x00, 0x00, 0x00, 0xE0, 0x00, 0x00, 0x00, 0xE0, 0x00, 0x00, 0x00, 0xE0, 0x00, 0x00,
    0x00, 0xE0, 0x00, 0x00, 0x00, 0xE0, 0x00, 0x00, 0x00, 0xE0, 0x00, 0x00, 0x00, 0xE0, 0x00, 0x00,
    0x00, 0xE0, 0x00, 0x00, 0x00, 0xE0, 0x00, 0x00, 0x00, 0xE0, 0x00, 0x00, 0x00, 0xE0, 0x00, 0x00,
    0x00, 0xE0, 0x00, 0x00, 0x00, 0xE0, 0x00, 0x00, 0x00, 0xE0, 0x00, 0x00, 0x00, 0xE0, 0x00, 0x00,
    0x00, 0xE0, 0x00, 0x00, 0x00, 0xE0, 0x00, 0x00, 0x00, 0xE0, 0x00, 0x00, 0x00, 0xE0, 0x00, 0x00,
    0x00, 0xE0, 0x00, 0x00, 0x00, 0xE0, 0x00, 0x00, 0x00, 0xE0, 0x00, 0x00, 0x00, 0xE0, 0x00, 0x00,
    0x00, 0xE0, 0x00, 0x00, 0x00, 0xE0, 0x00, 0x00, 0x00, 0xE0, 0x00, 0x00, 0x00, 0xE0, 0x00, 0x00,
    0x00, 0xE0, 0x00, 0x00, 0x00, 0xE0, 0x00, 0x00, 0x00, 0xE0, 0x00, 0x00, 0x00, 0xE0, 0x00, 0x00,
    0x00, 0xE0, 0x00, 0x00, 0x00, 0xE0, 0x00, 0x00, 0x00, 0xE0, 0x00, 0x00, 0x00, 0xE0, 0x00, 0x00,
    0x00, 0xE0, 0x00, 0x00, 0x00, 0xE0, 0x00, 0x00, 0x00, 0xE0, 0x00, 0x00, 0x00, 0xE0, 0x00, 0x00,
    0x00, 0xE0, 0x00, 0x00, 0x00, 0xE0, 0x00, 0x00, 0x00, 0xE0, 0x00, 0x00, 0x03, 0x60, 0x20, 0x00,
    0x00, 0xA0, 0x00, 0xE0, 0x06, 0x60, 0x03, 0x00, 0x00, 0xA0, 0x00, 0xE0, 0x06, 0x60, 0x06, 0x00,
    0x00, 0xA0, 0x00, 0xE0, 0x00, 0x00, 0x00, 0x00, 0x00, 0x00, 0x00, 0x00, 0x00, 0x00, 0x00, 0x00,
    0x00, 0xE0, 0x00, 0x00, 0x00, 0xE0, 0x00, 0x00, 0x00, 0xE0, 0x00, 0x00, 0x03, 0x60, 0x20, 0x00,
    0x00, 0xA0, 0x15, 0xC0, 0x00, 0xE0, 0x00, 0x00, 0x06, 0x60, 0x03, 0x00, 0x00, 0xA0, 0x00, 0xE0,
    0x06, 0x60, 0x06, 0x00, 0x00, 0xA0, 0x00, 0xE0, 0x00, 0x00, 0x00, 0x00, 0x00, 0x00, 0x00, 0x00,
    0x00, 0x00, 0x00, 0x00, 0x00, 0xE0, 0x00, 0x00, 0x00, 0xE0, 0x00, 0x00, 0x00, 0xE0, 0x00, 0x00,
    0x03, 0x60, 0x20, 0x00, 0x00, 0xA0, 0x15, 0xC0, 0x00, 0xE0, 0x00, 0x00, 0x06, 0x60, 0x08, 0x00,
    0x00, 0xA0, 0x20, 0x00, 0x02, 0xC0, 0x00, 0xE0, 0x06, 0x60, 0x07, 0x00, 0x00, 0xA0, 0x20, 0x00,
    0x02, 0xC0, 0x00, 0xE0, 0x00, 0x00, 0x00, 0x00, 0x00, 0x00, 0x00, 0x00, 0x00, 0x00, 0x00, 0x00,
    0x00, 0xE0, 0x00, 0x00, 0x00, 0xE0, 0x00, 0x00, 0x00, 0xE0, 0x00, 0x00, 0x03, 0x60, 0x1E, 0x00,
    0x00, 0xA0, 0x15, 0xC0, 0x00, 0x40, 0x11, 0xC0, 0x00, 0xE0, 0x00, 0x00, 0x00, 0x00, 0x00, 0x00,
    0x00, 0x00, 0x00, 0x00, 0x00, 0x00, 0x00, 0x00, 0x00, 0xE0, 0x00, 0x00, 0x00, 0xE0, 0x00, 0x00,
    0x00, 0xE0, 0x00, 0x00, 0x03, 0x60, 0x1E, 0x00, 0x00, 0xA0, 0x00, 0x40, 0x11, 0xC0, 0x00, 0xE0,
    0x00, 0x00, 0x00, 0x00, 0x00, 0x00, 0x00, 0x00, 0x00, 0x00, 0x00, 0x00, 0x00, 0xE0, 0x00, 0x00,
    0x00, 0xE0, 0x00, 0x00, 0x00, 0xE0, 0x00, 0x00, 0x00, 0x40, 0x00, 0xE0, 0x07, 0x60, 0x0C, 0x00,
    0x00, 0xA0, 0x00, 0xF0, 0x02, 0x00, 0x00, 0x00, 0x07, 0x60, 0x09, 0x00, 0x00, 0xA0, 0x07, 0x60,
    0x0C, 0x00, 0x00, 0xA0, 0x15, 0xC0, 0x10, 0xC0, 0x00, 0xE0, 0x00, 0x00, 0x00, 0xE0, 0x00, 0x00,
    0x00, 0xE0, 0x00, 0x00, 0x00, 0xE0, 0x00, 0x00, 0x03, 0x60, 0x20, 0x00, 0x00, 0xA0, 0x15, 0xC0,
    0x00, 0x40, 0x11, 0xC0, 0x00, 0xE0, 0x00, 0x00, 0x00, 0xE0, 0x00, 0x00, 0x00, 0xE0, 0x00, 0x00,
    0x00, 0xE0, 0x00, 0x00, 0x03, 0x60, 0x20, 0x00, 0x00, 0xA0, 0x15, 0xC0, 0x00, 0x40, 0x11, 0xC0,
    0x00, 0xE0, 0x00, 0x00, 0x06, 0x60, 0x07, 0x00, 0x00, 0xA0, 0x13, 0x00, 0x4F, 0xC0, 0x38, 0x00,
    0x00, 0xC0, 0x00, 0xE0, 0x00, 0xE0, 0x00, 0x00, 0x00, 0xE0, 0x00, 0x00, 0x00, 0xE0, 0x00, 0x00,
    0x03, 0x60, 0x20, 0x00, 0x00, 0xA0, 0x15, 0xC0, 0x00, 0x40, 0x11, 0xC0, 0x00, 0xE0, 0x00, 0x00,
    0x06, 0x60, 0x06, 0x00, 0x00, 0xA0, 0x2C, 0x00, 0x4F, 0xC0, 0x17, 0x00, 0x00, 0xC0, 0x00, 0xE0,
    0x00, 0xE0, 0x00, 0x00, 0x00, 0xE0, 0x00, 0x00, 0x00, 0xE0, 0x00, 0x00, 0x03, 0x60, 0x20, 0x00,
    0x00, 0xA0, 0x00, 0xE0, 0x06, 0x60, 0x06, 0x00, 0x00, 0xA0, 0x2C, 0x00, 0x4F, 0xC0, 0x17, 0x00,
    0x00, 0xC0, 0x00, 0xE0, 0x00, 0xE0, 0x00, 0x00, 0x00, 0xE0, 0x00, 0x00, 0x00, 0xE0, 0x00, 0x00,
    0x03, 0x60, 0x20, 0x00, 0x00, 0xA0, 0x15, 0xC0, 0x00, 0xE0, 0x00, 0x00, 0x06, 0x60, 0x11, 0x00,
    0x00, 0xA0, 0x00, 0xE0, 0x00, 0x00, 0x00, 0x00, 0x00, 0x00, 0x00, 0x00, 0x00, 0x00, 0x00, 0x00,
    0x00, 0xE0, 0x00, 0x00, 0x00, 0xE0, 0x00, 0x00, 0x00, 0xE0, 0x00, 0x00, 0x03, 0x60, 0x20, 0x00,
    0x00, 0xA0, 0x15, 0xC0, 0x00, 0x40, 0x11, 0xC0, 0x00, 0xE0, 0x00, 0x00, 0x06, 0x60, 0x11, 0x00,
    0x00, 0xA0, 0x2C, 0x00, 0x4F, 0xC0, 0x17, 0x00, 0x00, 0xC0, 0x00, 0xE0, 0x00, 0xE0, 0x00, 0x00,
    0x00, 0xE0, 0x00, 0x00, 0x00, 0xE0, 0x00, 0x00, 0x03, 0x60, 0x20, 0x00, 0x00, 0xA0, 0x00, 0xE0,
    0x06, 0x60, 0x06, 0x00, 0x00, 0xA0, 0x2C, 0x00, 0x4F, 0xC0, 0x17, 0x00, 0x00, 0xC0, 0x00, 0xE0,
    0x00, 0xE0, 0x00, 0x00, 0x00, 0xE0, 0x00, 0x00, 0x00, 0xE0, 0x00, 0x00, 0x09, 0x60, 0x07, 0x00,
    0x00, 0xA0, 0x00, 0xF0, 0x07, 0x00, 0x00, 0x00, 0x00, 0xE0, 0x00, 0x00, 0x00, 0xE0, 0x00, 0x00,
    0x00, 0xE0, 0x00, 0x00, 0x09, 0x60, 0x08, 0x00, 0x00, 0xA0, 0x39, 0x00, 0x02, 0xC0, 0x09, 0x60,
    0x07, 0x00, 0x00, 0xA0, 0x00, 0xC0, 0x00, 0xE0, 0x09, 0x60, 0x08, 0x00, 0x00, 0xA0, 0x39, 0x00,
    0x02, 0xC0, 0x09, 0x60, 0x07, 0x00, 0x00, 0xA0, 0x00, 0xC0, 0x00, 0xE0, 0x00, 0xE0, 0x00, 0x00,
    0x00, 0xE0, 0x00, 0x00, 0x00, 0xE0, 0x00, 0x00, 0x09, 0x60, 0x06, 0x00, 0x00, 0xA0, 0x3A, 0x00,
    0x02, 0xC0, 0x09, 0x60, 0x08, 0x00, 0x00, 0xA0, 0x39, 0x00, 0x02, 0xC0, 0x00, 0xC0, 0x09, 0x60,
    0x07, 0x00, 0x00, 0xA0, 0x00, 0xC0, 0x00, 0xE0, 0x09, 0x60, 0x06, 0x00, 0x00, 0xA0, 0x3A, 0x00,
    0x02, 0xC0, 0x09, 0x60, 0x08, 0x00, 0x00, 0xA0, 0x39, 0x00, 0x02, 0xC0, 0x00, 0xC0, 0x09, 0x60,
    0x07, 0x00, 0x00, 0xA0, 0x00, 0xC0, 0x00, 0xE0, 0x00, 0xE0, 0x00, 0x00, 0x00, 0xE0, 0x00, 0x00,
    0x00, 0xE0, 0x00, 0x00, 0x00, 0xE0, 0x00, 0x00, 0x00, 0xE0, 0x00, 0x00, 0x00, 0xE0, 0x00, 0x00,
    0x09, 0x60, 0x07, 0x00, 0x00, 0xA0, 0x00, 0xE0, 0x09, 0x60, 0x07, 0x00, 0x00, 0xA0, 0x00, 0xE0,
    0x00, 0xE0, 0x00, 0x00, 0x00, 0xE0, 0x00, 0x00, 0x00, 0xE0, 0x00, 0x00, 0x0A, 0x60, 0x03, 0x00,
    0x00, 0xA0, 0x00, 0xE0, 0x00, 0x00, 0x00, 0x00, 0x00, 0x00, 0x00, 0x00, 0x00, 0x00, 0x00, 0x00,
    0x00, 0xE0, 0x00, 0x00, 0x00, 0xE0, 0x00, 0x00, 0x00, 0xE0, 0x00, 0x00, 0x00, 0xE0, 0x00, 0x00,
    0x00, 0xE0, 0x00, 0x00, 0x00, 0xE0, 0x00, 0x00, 0x00, 0xE0, 0x00, 0x00, 0x00, 0xE0, 0x00, 0x00,
    0x00, 0xE0, 0x00, 0x00, 0x0A, 0x60, 0x08, 0x00, 0x00, 0xA0, 0x00, 0xE0, 0x00, 0x00, 0x00, 0x00,
    0x00, 0x00, 0x00, 0x00, 0x00, 0x00, 0x00, 0x00, 0x00, 0xE0, 0x00, 0x00, 0x00, 0xE0, 0x00, 0x00,
    0x00, 0xE0, 0x00, 0x00, 0x00, 0xE0, 0x00, 0x00, 0x00, 0xE0, 0x00, 0x00, 0x00, 0xE0, 0x00, 0x00,
    0x0A, 0x60, 0x06, 0x00, 0x00, 0xA0, 0x00, 0xE0, 0x00, 0x00, 0x00, 0x00, 0x00, 0x00, 0x00, 0x00,
    0x00, 0x00, 0x00, 0x00, 0x00, 0xE0, 0x00, 0x00, 0x00, 0xE0, 0x00, 0x00, 0x00, 0xE0, 0x00, 0x00,
    0x00, 0x00, 0x00, 0x00, 0x00, 0x00, 0x00, 0x00, 0x00, 0x00, 0x00, 0x00, 0x00, 0xE0, 0x00, 0x00,
    0x00, 0xE0, 0x00, 0x00, 0x00, 0xE0, 0x00, 0x00, 0x00, 0x00, 0x00, 0x00, 0x00, 0x00, 0x00, 0x00,
    0x00, 0x00, 0x00, 0x00, 0x00, 0xE0, 0x00, 0x00, 0x00, 0xE0, 0x00, 0x00, 0x00, 0xE0, 0x00, 0x00,
    0x00, 0x00, 0x00, 0x00, 0x00, 0x00, 0x00, 0x00, 0x00, 0x00, 0x00, 0x00, 0x00, 0xE0, 0x00, 0x00,
    0x00, 0xE0, 0x00, 0x00, 0x00, 0xE0, 0x00, 0x00, 0x0A, 0x60, 0x07, 0x00, 0x00, 0xA0, 0x00, 0xE0,
    0x00, 0xE0, 0x00, 0x00, 0x00, 0xE0, 0x00, 0x00, 0x00, 0xE0, 0x00, 0x00, 0x06, 0x60, 0x07, 0x00,
    0x00, 0xA0, 0x13, 0x00, 0x4F, 0xC0, 0x38, 0x00, 0x00, 0xC0, 0x00, 0xE0, 0x00, 0xE0, 0x00, 0x00,
    0x00, 0xE0, 0x00, 0x00, 0x00, 0xE0, 0x00, 0x00, 0x00, 0xE0, 0x00, 0x00, 0x00, 0xE0, 0x00, 0x00,
    0x00, 0xE0, 0x00, 0x00, 0x00, 0xE0, 0x00, 0x00, 0x00, 0xE0, 0x00, 0x00, 0x00, 0xE0, 0x00, 0x00,
    0x09, 0x60, 0x07, 0x00, 0x00, 0xA0, 0x08, 0x00, 0x06, 0xC0, 0x08, 0x00, 0x07, 0xC0, 0x07, 0x00,
    0x0A, 0xC0, 0x00, 0xE0, 0x00, 0xE0, 0x00, 0x00, 0x00, 0xE0, 0x00, 0x00, 0x00, 0xE0, 0x00, 0x00,
    0x00, 0xE0, 0x00, 0x00, 0x00, 0xE0, 0x00, 0x00, 0x00, 0xE0, 0x00, 0x00, 0x09, 0x60, 0x07, 0x00,
    0x00, 0xA0, 0x06, 0x00, 0x06, 0xC0, 0x08, 0x00, 0x07, 0xC0, 0x07, 0x00, 0x0A, 0xC0, 0x00, 0xE0,
    0x00, 0xE0, 0x00, 0x00, 0x00, 0xE0, 0x00, 0x00, 0x00, 0xE0, 0x00, 0x00, 0x00, 0xE0, 0x00, 0x00,
    0x00, 0xE0, 0x00, 0x00, 0x00, 0xE0, 0x00, 0x00, 0x09, 0x60, 0x07, 0x00, 0x00, 0xA0, 0x03, 0x00,
    0x06, 0xC0, 0x08, 0x00, 0x07, 0xC0, 0x07, 0x00, 0x0A, 0xC0, 0x00, 0xE0, 0x00, 0xE0, 0x00, 0x00,
    0x00, 0xE0, 0x00, 0x00, 0x00, 0xE0, 0x00, 0x00, 0x00, 0xE0, 0x00, 0x00, 0x00, 0xE0, 0x00, 0x00,
    0x00, 0xE0, 0x00, 0x00, 0x09, 0x60, 0x07, 0x00, 0x00, 0xA0, 0x09, 0x00, 0x06, 0xC0, 0x08, 0x00,
    0x07, 0xC0, 0x07, 0x00, 0x0A, 0xC0, 0x00, 0xE0, 0x00, 0xE0, 0x00, 0x00, 0x00, 0xE0, 0x00, 0x00,
    0x00, 0xE0, 0x00, 0x00, 0x00, 0xE0, 0x00, 0x00, 0x00, 0xE0, 0x00, 0x00, 0x00, 0xE0, 0x00, 0x00,
    0x09, 0x60, 0x07, 0x00, 0x00, 0xA0, 0x0C, 0x00, 0x06, 0xC0, 0x08, 0x00, 0x07, 0xC0, 0x07, 0x00,
    0x0A, 0xC0, 0x00, 0xE0, 0x00, 0xE0, 0x00, 0x00, 0x00, 0xE0, 0x00, 0x00, 0x00, 0xE0, 0x00, 0x00,
    0x00, 0xE0, 0x00, 0x00, 0x00, 0xE0, 0x00, 0x00, 0x00, 0xE0, 0x00, 0x00, 0x09, 0x60, 0x07, 0x00,
    0x00, 0xA0, 0x11, 0x00, 0x06, 0xC0, 0x08, 0x00, 0x07, 0xC0, 0x07, 0x00, 0x0A, 0xC0, 0x00, 0xE0,
    0x00, 0xE0, 0x00, 0x00, 0x00, 0xE0, 0x00, 0x00, 0x00, 0xE0, 0x00, 0x00, 0x00, 0xE0, 0x00, 0x00,
    0x00, 0xE0, 0x00, 0x00, 0x00, 0xE0, 0x00, 0x00, 0x09, 0x60, 0x08, 0x00, 0x00, 0xA0, 0x08, 0x00,
    0x06, 0xC0, 0x08, 0x00, 0x07, 0xC0, 0x07, 0x00, 0x0A, 0xC0, 0x00, 0xE0, 0x00, 0xE0, 0x00, 0x00,
    0x00, 0xE0, 0x00, 0x00, 0x00, 0xE0, 0x00, 0x00, 0x00, 0xE0, 0x00, 0x00, 0x00, 0xE0, 0x00, 0x00,
    0x00, 0xE0, 0x00, 0x00, 0x09, 0x60, 0x08, 0x00, 0x00, 0xA0, 0x06, 0x00, 0x06, 0xC0, 0x08, 0x00,
    0x07, 0xC0, 0x07, 0x00, 0x0A, 0xC0, 0x00, 0xE0, 0x00, 0xE0, 0x00, 0x00, 0x00, 0xE0, 0x00, 0x00,
    0x00, 0xE0, 0x00, 0x00, 0x00, 0xE0, 0x00, 0x00, 0x00, 0xE0, 0x00, 0x00, 0x00, 0xE0, 0x00, 0x00,
    0x09, 0x60, 0x08, 0x00, 0x00, 0xA0, 0x03, 0x00, 0x06, 0xC0, 0x08, 0x00, 0x07, 0xC0, 0x07, 0x00,
    0x0A, 0xC0, 0x00, 0xE0, 0x00, 0xE0, 0x00, 0x00, 0x00, 0xE0, 0x00, 0x00, 0x00, 0xE0, 0x00, 0x00,
    0x00, 0xE0, 0x00, 0x00, 0x00, 0xE0, 0x00, 0x00, 0x00, 0xE0, 0x00, 0x00, 0x09, 0x60, 0x08, 0x00,
    0x00, 0xA0, 0x09, 0x00, 0x06, 0xC0, 0x08, 0x00, 0x07, 0xC0, 0x07, 0x00, 0x0A, 0xC0, 0x00, 0xE0,
    0x00, 0xE0, 0x00, 0x00, 0x00, 0xE0, 0x00, 0x00, 0x00, 0xE0, 0x00, 0x00, 0x00, 0xE0, 0x00, 0x00,
    0x00, 0xE0, 0x00, 0x00, 0x00, 0xE0, 0x00, 0x00, 0x09, 0x60, 0x08, 0x00, 0x00, 0xA0, 0x0C, 0x00,
    0x06, 0xC0, 0x08, 0x00, 0x07, 0xC0, 0x07, 0x00, 0x0A, 0xC0, 0x00, 0xE0, 0x00, 0xE0, 0x00, 0x00,
    0x00, 0xE0, 0x00, 0x00, 0x00, 0xE0, 0x00, 0x00, 0x00, 0xE0, 0x00, 0x00, 0x00, 0xE0, 0x00, 0x00,
    0x00, 0xE0, 0x00, 0x00, 0x09, 0x60, 0x08, 0x00, 0x00, 0xA0, 0x11, 0x00, 0x06, 0xC0, 0x08, 0x00,
    0x07, 0xC0, 0x07, 0x00, 0x0A, 0xC0, 0x00, 0xE0, 0x00, 0xE0, 0x00, 0x00, 0x00, 0xE0, 0x00, 0x00,
    0x00, 0xE0, 0x00, 0x00, 0x00, 0xE0, 0x00, 0x00, 0x00, 0xE0, 0x00, 0x00, 0x00, 0xE0, 0x00, 0x00,
    0x09, 0x60, 0x06, 0x00, 0x00, 0xA0, 0x08, 0x00, 0x06, 0xC0, 0x08, 0x00, 0x07, 0xC0, 0x07, 0x00,
    0x0A, 0xC0, 0x00, 0xE0, 0x00, 0xE0, 0x00, 0x00, 0x00, 0xE0, 0x00, 0x00, 0x00, 0xE0, 0x00, 0x00,
    0x00, 0xE0, 0x00, 0x00, 0x00, 0xE0, 0x00, 0x00, 0x00, 0xE0, 0x00, 0x00, 0x09, 0x60, 0x06, 0x00,
    0x00, 0xA0, 0x06, 0x00, 0x06, 0xC0, 0x08, 0x00, 0x07, 0xC0, 0x07, 0x00, 0x0A, 0xC0, 0x00, 0xE0,
    0x00, 0xE0, 0x00, 0x00, 0x00, 0xE0, 0x00, 0x00, 0x00, 0xE0, 0x00, 0x00, 0x00, 0xE0, 0x00, 0x00,
    0x00, 0xE0, 0x00, 0x00, 0x00, 0xE0, 0x00, 0x00, 0x09, 0x60, 0x06, 0x00, 0x00, 0xA0, 0x03, 0x00,
    0x06, 0xC0, 0x08, 0x00, 0x07, 0xC0, 0x07, 0x00, 0x0A, 0xC0, 0x00, 0xE0, 0x00, 0xE0, 0x00, 0x00,
    0x00, 0xE0, 0x00, 0x00, 0x00, 0xE0, 0x00, 0x00, 0x00, 0xE0, 0x00, 0x00, 0x00, 0xE0, 0x00, 0x00,
    0x00, 0xE0, 0x00, 0x00, 0x09, 0x60, 0x06, 0x00, 0x00, 0xA0, 0x09, 0x00, 0x06, 0xC0, 0x08, 0x00,
    0x07, 0xC0, 0x07, 0x00, 0x0A, 0xC0, 0x00, 0xE0, 0x00, 0xE0, 0x00, 0x00, 0x00, 0xE0, 0x00, 0x00,
    0x00, 0xE0, 0x00, 0x00, 0x00, 0xE0, 0x00, 0x00, 0x00, 0xE0, 0x00, 0x00, 0x00, 0xE0, 0x00, 0x00,
    0x09, 0x60, 0x06, 0x00, 0x00, 0xA0, 0x0C, 0x00, 0x06, 0xC0, 0x08, 0x00, 0x07, 0xC0, 0x07, 0x00,
    0x0A, 0xC0, 0x00, 0xE0, 0x00, 0xE0, 0x00, 0x00, 0x00, 0xE0, 0x00, 0x00, 0x00, 0xE0, 0x00, 0x00,
    0x00, 0xE0, 0x00, 0x00, 0x00, 0xE0, 0x00, 0x00, 0x00, 0xE0, 0x00, 0x00, 0x09, 0x60, 0x06, 0x00,
    0x00, 0xA0, 0x11, 0x00, 0x06, 0xC0, 0x08, 0x00, 0x07, 0xC0, 0x07, 0x00, 0x0A, 0xC0, 0x00, 0xE0,
    0xEC, 0x00, 0x00, 0x00, 0xF8, 0x00, 0x00, 0x00, 0x04, 0x01, 0x00, 0x00, 0x10, 0x01, 0x00, 0x00,
    0x1C, 0x01, 0x00, 0x00, 0x28, 0x01, 0x00, 0x00, 0x34, 0x01, 0x00, 0x00, 0x40, 0x01, 0x00, 0x00,
    0x4C, 0x01, 0x00, 0x00, 0x58, 0x01, 0x00, 0x00, 0x64, 0x01, 0x00, 0x00, 0x70, 0x01, 0x00, 0x00,
    0x7C, 0x01, 0x00, 0x00, 0x88, 0x01, 0x00, 0x00, 0x94, 0x01, 0x00, 0x00, 0xA0, 0x01, 0x00, 0x00,
    0xAC, 0x01, 0x00, 0x00, 0xB8, 0x01, 0x00, 0x00, 0xC4, 0x01, 0x00, 0x00, 0xD0, 0x01, 0x00, 0x00,
    0xDC, 0x01, 0x00, 0x00, 0xE8, 0x01, 0x00, 0x00, 0xF4, 0x01, 0x00, 0x00, 0x00, 0x02, 0x00, 0x00,
    0x0C, 0x02, 0x00, 0x00, 0x18, 0x02, 0x00, 0x00, 0x24, 0x02, 0x00, 0x00, 0x30, 0x02, 0x00, 0x00,
    0x3C, 0x02, 0x00, 0x00, 0x48, 0x02, 0x00, 0x00, 0x54, 0x02, 0x00, 0x00, 0x60, 0x02, 0x00, 0x00,
    0x6C, 0x02, 0x00, 0x00, 0x78, 0x02, 0x00, 0x00, 0x84, 0x02, 0x00, 0x00, 0x90, 0x02, 0x00, 0x00,
    0x9C, 0x02, 0x00, 0x00, 0xA8, 0x02, 0x00, 0x00, 0xB4, 0x02, 0x00, 0x00, 0xC0, 0x02, 0x00, 0x00,
    0xCC, 0x02, 0x00, 0x00, 0xD8, 0x02, 0x00, 0x00, 0xE4, 0x02, 0x00, 0x00, 0xF0, 0x02, 0x00, 0x00,
    0xFC, 0x02, 0x00, 0x00, 0x08, 0x03, 0x00, 0x00, 0x14, 0x03, 0x00, 0x00, 0x20, 0x03, 0x00, 0x00,
    0x2C, 0x03, 0x00, 0x00, 0x38, 0x03, 0x00, 0x00, 0x44, 0x03, 0x00, 0x00, 0x50, 0x03, 0x00, 0x00,
    0x5C, 0x03, 0x00, 0x00, 0x68, 0x03, 0x00, 0x00, 0x74, 0x03, 0x00, 0x00, 0x80, 0x03, 0x00, 0x00,
    0x8C, 0x03, 0x00, 0x00, 0x98, 0x03, 0x00, 0x00, 0xA4, 0x03, 0x00, 0x00, 0x00, 0x00, 0x00, 0x00,
    0x00, 0x00, 0x00, 0x00, 0x00, 0x00, 0x00, 0x00, 0x00, 0x00, 0x00, 0x00, 0x01, 0x00, 0x00, 0x00,
    0x00, 0x00, 0x00, 0x00, 0x00, 0x00, 0x00, 0x00, 0x00, 0x00, 0x00, 0x00, 0x07, 0x00, 0x00, 0x00,
    0x00, 0x00, 0x00, 0x00, 0x0F, 0x00, 0x00, 0x00, 0x00, 0x00, 0x00, 0x00, 0x07, 0x00, 0x00, 0x00,
    0x00, 0x00, 0x00, 0x00, 0x03, 0x00, 0x00, 0x00, 0x00, 0x00, 0x00, 0x00, 0x07, 0x00, 0x00, 0x00,
    0x00, 0x00, 0x00, 0x00, 0x11, 0x00, 0x00, 0x00, 0x00, 0x00, 0x00, 0x00, 0x07, 0x00, 0x00, 0x00,
    0x00, 0x00, 0x00, 0x00, 0x10, 0x00, 0x00, 0x00, 0x00, 0x00, 0x00, 0x00, 0x07, 0x00, 0x00, 0x00,
    0x00, 0x00, 0x00, 0x00, 0x02, 0x00, 0x00, 0x00, 0x00, 0x00, 0x00, 0x00, 0x07, 0x00, 0x00, 0x00,
    0x00, 0x00, 0x00, 0x00, 0x00, 0x00, 0x00, 0x00, 0x00, 0x00, 0x00, 0x00, 0x07, 0x00, 0x00, 0x00,
    0x00, 0x00, 0x00, 0x00, 0x01, 0x00, 0x00, 0x00, 0x00, 0x00, 0x00, 0x00, 0x07, 0x00, 0x00, 0x00,
    0x00, 0x00, 0x00, 0x00, 0x04, 0x00, 0x00, 0x00, 0x00, 0x00, 0x00, 0x00, 0x07, 0x00, 0x00, 0x00,
    0x00, 0x00, 0x00, 0x00, 0x12, 0x00, 0x00, 0x00, 0x00, 0x00, 0x00, 0x00, 0x07, 0x00, 0x00, 0x00,
    0x00, 0x00, 0x00, 0x00, 0x14, 0x00, 0x00, 0x00, 0x00, 0x00, 0x00, 0x00, 0x07, 0x00, 0x00, 0x00,
    0x00, 0x00, 0x00, 0x00, 0x05, 0x00, 0x00, 0x00, 0x00, 0x00, 0x00, 0x00, 0x07, 0x00, 0x00, 0x00,
    0x00, 0x00, 0x00, 0x00, 0x13, 0x00, 0x00, 0x00, 0x00, 0x00, 0x00, 0x00, 0x02, 0x00, 0x00, 0x00,
    0x00, 0x00, 0x00, 0x00, 0x00, 0x00, 0x00, 0x00, 0x00, 0x00, 0x00, 0x00, 0x0E, 0x00, 0x00, 0x00,
    0x00, 0x00, 0x00, 0x00, 0xB8, 0x02, 0x00, 0x00, 0x00, 0x00, 0x00, 0x00, 0x0E, 0x00, 0x00, 0x00,
    0x00, 0x00, 0x00, 0x00, 0xB8, 0x02, 0x00, 0x00, 0x00, 0x00, 0x00, 0x00, 0x07, 0x00, 0x00, 0x00,
    0x00, 0x00, 0x00, 0x00, 0x06, 0x00, 0x00, 0x00, 0x00, 0x00, 0x00, 0x00, 0x07, 0x00, 0x00, 0x00,
    0x00, 0x00, 0x00, 0x00, 0x0B, 0x00, 0x00, 0x00, 0x00, 0x00, 0x00, 0x00, 0x0E, 0x00, 0x00, 0x00,
    0x00, 0x00, 0x00, 0x00, 0x90, 0x02, 0x00, 0x00, 0x00, 0x00, 0x00, 0x00, 0x0E, 0x00, 0x00, 0x00,
    0x00, 0x00, 0x00, 0x00, 0x88, 0x02, 0x00, 0x00, 0x00, 0x00, 0x00, 0x00, 0x0E, 0x00, 0x00, 0x00,
    0x00, 0x00, 0x00, 0x00, 0x7C, 0x02, 0x00, 0x00, 0x00, 0x00, 0x00, 0x00, 0x0E, 0x00, 0x00, 0x00,
    0x00, 0x00, 0x00, 0x00, 0x70, 0x02, 0x00, 0x00, 0x00, 0x00, 0x00, 0x00, 0x0E, 0x00, 0x00, 0x00,
    0x00, 0x00, 0x00, 0x00, 0x68, 0x02, 0x00, 0x00, 0x00, 0x00, 0x00, 0x00, 0x0E, 0x00, 0x00, 0x00,
    0x00, 0x00, 0x00, 0x00, 0x60, 0x02, 0x00, 0x00, 0x00, 0x00, 0x00, 0x00, 0x07, 0x00, 0x00, 0x00,
    0x00, 0x00, 0x00, 0x00, 0x07, 0x00, 0x00, 0x00, 0x00, 0x00, 0x00, 0x00, 0x07, 0x00, 0x00, 0x00,
    0x00, 0x00, 0x00, 0x00, 0x08, 0x00, 0x00, 0x00, 0x00, 0x00, 0x00, 0x00, 0x0E, 0x00, 0x00, 0x00,
    0x00, 0x00, 0x00, 0x00, 0x38, 0x02, 0x00, 0x00, 0x00, 0x00, 0x00, 0x00, 0x0E, 0x00, 0x00, 0x00,
    0x00, 0x00, 0x00, 0x00, 0x30, 0x02, 0x00, 0x00, 0x00, 0x00, 0x00, 0x00, 0x07, 0x00, 0x00, 0x00,
    0x00, 0x00, 0x00, 0x00, 0x0D, 0x00, 0x00, 0x00, 0x00, 0x00, 0x00, 0x00, 0x07, 0x00, 0x00, 0x00,
    0x00, 0x00, 0x00, 0x00, 0x09, 0x00, 0x00, 0x00, 0x00, 0x00, 0x00, 0x00, 0x07, 0x00, 0x00, 0x00,
    0x00, 0x00, 0x00, 0x00, 0x0E, 0x00, 0x00, 0x00, 0x00, 0x00, 0x00, 0x00, 0x07, 0x00, 0x00, 0x00,
    0x00, 0x00, 0x00, 0x00, 0x0A, 0x00, 0x00, 0x00, 0x00, 0x00, 0x00, 0x00, 0x07, 0x00, 0x00, 0x00,
    0x00, 0x00, 0x00, 0x00, 0x0C, 0x00, 0x00, 0x00, 0x00, 0x00, 0x00, 0x00, 0x0E, 0x00, 0x00, 0x00,
    0x00, 0x00, 0x00, 0x00, 0xD4, 0x01, 0x00, 0x00, 0x00, 0x00, 0x00, 0x00, 0x0E, 0x00, 0x00, 0x00,
    0x00, 0x00, 0x00, 0x00, 0xC8, 0x01, 0x00, 0x00, 0x00, 0x00, 0x00, 0x00, 0x0E, 0x00, 0x00, 0x00,
    0x00, 0x00, 0x00, 0x00, 0xBC, 0x01, 0x00, 0x00, 0x00, 0x00, 0x00, 0x00, 0x02, 0x00, 0x00, 0x00,
    0x00, 0x00, 0x00, 0x00, 0x01, 0x00, 0x00, 0x00, 0x00, 0x00, 0x00, 0x00, 0x0E, 0x00, 0x00, 0x00,
    0x00, 0x00, 0x00, 0x00, 0xA0, 0x01, 0x00, 0x00, 0x00, 0x00, 0x00, 0x00, 0x0E, 0x00, 0x00, 0x00,
    0x00, 0x00, 0x00, 0x00, 0x98, 0x01, 0x00, 0x00, 0x00, 0x00, 0x00, 0x00, 0x0E, 0x00, 0x00, 0x00,
    0x00, 0x00, 0x00, 0x00, 0x90, 0x01, 0x00, 0x00, 0x00, 0x00, 0x00, 0x00, 0x0E, 0x00, 0x00, 0x00,
    0x00, 0x00, 0x00, 0x00, 0x88, 0x01, 0x00, 0x00, 0x00, 0x00, 0x00, 0x00, 0x0E, 0x00, 0x00, 0x00,
    0x00, 0x00, 0x00, 0x00, 0x7C, 0x01, 0x00, 0x00, 0x00, 0x00, 0x00, 0x00, 0x0E, 0x00, 0x00, 0x00,
    0x00, 0x00, 0x00, 0x00, 0x7C, 0x01, 0x00, 0x00, 0x00, 0x00, 0x00, 0x00, 0x0E, 0x00, 0x00, 0x00,
    0x00, 0x00, 0x00, 0x00, 0x7C, 0x01, 0x00, 0x00, 0x00, 0x00, 0x00, 0x00, 0x0E, 0x00, 0x00, 0x00,
    0x00, 0x00, 0x00, 0x00, 0x70, 0x01, 0x00, 0x00, 0x00, 0x00, 0x00, 0x00, 0x0E, 0x00, 0x00, 0x00,
    0x00, 0x00, 0x00, 0x00, 0x64, 0x01, 0x00, 0x00, 0x00, 0x00, 0x00, 0x00, 0x0E, 0x00, 0x00, 0x00,
    0x00, 0x00, 0x00, 0x00, 0x5C, 0x01, 0x00, 0x00, 0x00, 0x00, 0x00, 0x00, 0x0E, 0x00, 0x00, 0x00,
    0x00, 0x00, 0x00, 0x00, 0x54, 0x01, 0x00, 0x00, 0x00, 0x00, 0x00, 0x00, 0x0E, 0x00, 0x00, 0x00,
    0x00, 0x00, 0x00, 0x00, 0x4C, 0x01, 0x00, 0x00, 0x00, 0x00, 0x00, 0x00, 0x07, 0x00, 0x00, 0x00,
    0x00, 0x00, 0x00, 0x00, 0x16, 0x00, 0x00, 0x00, 0x00, 0x00, 0x00, 0x00, 0x0E, 0x00, 0x00, 0x00,
    0x00, 0x00, 0x00, 0x00, 0x34, 0x01, 0x00, 0x00, 0x00, 0x00, 0x00, 0x00, 0x07, 0x00, 0x00, 0x00,
    0x00, 0x00, 0x00, 0x00, 0x17, 0x00, 0x00, 0x00, 0x00, 0x00, 0x00, 0x00, 0x07, 0x00, 0x00, 0x00,
    0x00, 0x00, 0x00, 0x00, 0x18, 0x00, 0x00, 0x00, 0x00, 0x00, 0x00, 0x00, 0x0E, 0x00, 0x00, 0x00,
    0x00, 0x00, 0x00, 0x00, 0x0C, 0x01, 0x00, 0x00, 0x00, 0x00, 0x00, 0x00, 0x0E, 0x00, 0x00, 0x00,
    0x00, 0x00, 0x00, 0x00, 0x08, 0x01, 0x00, 0x00, 0x00, 0x00, 0x00, 0x00, 0x0E, 0x00, 0x00, 0x00,
    0x00, 0x00, 0x00, 0x00, 0x04, 0x01, 0x00, 0x00, 0x00, 0x00, 0x00, 0x00, 0x07, 0x00, 0x00, 0x00,
    0x00, 0x00, 0x00, 0x00, 0x3C, 0x00, 0x00, 0x00, 0x00, 0x00, 0x00, 0x00, 0x07, 0x00, 0x00, 0x00,
    0x00, 0x00, 0x00, 0x00, 0x10, 0x0E, 0x00, 0x00, 0x00, 0x00, 0x00, 0x00, 0x41, 0x64, 0x6A, 0x75,
    0x73, 0x74, 0x20, 0x50, 0x72, 0x6F, 0x66, 0x69, 0x6C, 0x65, 0x00, 0x00, 0x42, 0x72, 0x65, 0x77,
    0x00, 0x00, 0x00, 0x00, 0x25, 0x2E, 0x31, 0x66, 0x00, 0x00, 0x00, 0x00, 0x67, 0x00, 0x00, 0x00,
    0x2D, 0x00, 0x00, 0x00, 0x25, 0x2E, 0x30, 0x66, 0x00, 0x00, 0x00, 0x00, 0x20, 0xC2, 0xB0, 0x43,
    0x00, 0x00, 0x00, 0x00, 0x25, 0x2E, 0x31, 0x66, 0x20, 0x67, 0x00, 0x00, 0x20, 0x67, 0x20, 0x2F,
    0x20, 0x00, 0x00, 0x00, 0x00, 0x00, 0x00, 0x00, 0x73, 0x00, 0x00, 0x00, 0x20, 0x2F, 0x20, 0x00,
    0x20, 0x67, 0x00, 0x00, 0x42, 0x52, 0x45, 0x57, 0x00, 0x00, 0x00, 0x00, 0x53, 0x54, 0x45, 0x41,
    0x4D, 0x00, 0x00, 0x00, 0x57, 0x41, 0x54, 0x45, 0x52, 0x00, 0x00, 0x00, 0xC2, 0xB0, 0x43, 0x00,
    0x43, 0x75, 0x72, 0x72, 0x65, 0x6E, 0x74, 0x20, 0x70, 0x72, 0x6F, 0x66, 0x69, 0x6C, 0x65, 0x00,
    0x53, 0x65, 0x6C, 0x65, 0x63, 0x74, 0x20, 0x70, 0x72, 0x6F, 0x66, 0x69, 0x6C, 0x65, 0x00, 0x00,
    0x25, 0x2E, 0x66, 0x00, 0x25, 0x64, 0x00, 0x00, 0x20, 0x70, 0x68, 0x61, 0x73, 0x65, 0x73, 0x00,
    0x20, 0x73, 0x74, 0x65, 0x70, 0x73, 0x00, 0x00, 0x20, 0xE2, 0x80, 0xA2, 0x20, 0x00, 0x00, 0x00,
    0x53, 0x53, 0x49, 0x44, 0x3A, 0x20, 0x00, 0x00, 0x49, 0x50, 0x3A, 0x20, 0x00, 0x00, 0x00, 0x00,
    0x4F, 0x70, 0x65, 0x6E, 0x20, 0x57, 0x65, 0x62, 0x55, 0x49, 0x00, 0x00, 0x4A, 0x6F, 0x69, 0x6E,
    0x20, 0x57, 0x69, 0x46, 0x69, 0x00, 0x00, 0x00, 0x20, 0x62, 0x61, 0x72, 0x00, 0x00, 0x00, 0x00
};

native_var_t native_vars[] = {
    { NATIVE_VAR_TYPE_NONE, 0, 0 },
};

ActionExecFunc actions[] = {
    action_on_wakeup,
    action_on_load_started,
    action_on_menu_click,
    action_on_brew_screen,
    action_on_steam_screen,
    action_on_water_screen,
    action_on_grind_screen,
    action_on_brew_start,
    action_on_flush,
    action_on_volumetric_hold,
    action_on_profile_select,
    action_on_profile_settings,
    action_on_brew_temp_lower,
    action_on_brew_temp_raise,
    action_on_brew_time_raise,
    action_on_brew_time_lower,
    action_on_volumetric_delete,
    action_on_profile_accept,
    action_on_profile_save,
    action_on_profile_save_as_new,
    action_on_meter_draw,
    action_on_steam_temp_lower,
    action_on_steam_temp_raise,
    action_on_grind_time_lower,
    action_on_grind_time_raise,
    action_on_timed_click,
    action_on_volumetric_click,
    action_on_grind_toggle,
    action_on_simple_process_toggle,
    action_on_profile_load,
    action_on_previous_profile,
    action_on_next_profile,
    action_on_brew_cancel,
    action_on_standby,
    action_on_screen_load,
    action_on_screen_swipe,
    action_on_info_screen,
    action_on_timer_up,
    action_on_timer_down,
    action_on_timer_set,
    action_on_timer_set_min,
    action_on_timer_set_sec,
    action_on_timer_set_hour,
    action_on_display_timer,
};

void ui_init() {
    eez_flow_init(assets, sizeof(assets), (lv_obj_t **)&objects, sizeof(objects), images, sizeof(images), actions);
}

void ui_tick() {
    eez_flow_tick();
    tick_screen(g_currentScreen);
}